respondent_id,wording_arm,question_wording,age_band,gender,digital_confidence_z,likelihood_1_5,item_missing,survey_completed,completion_seconds
R0001,Effort-framed,"How likely are you to use the council's new online services, even if setup takes a few minutes?",35-54,Man,-0.595,2.0,0,1,207
R0002,Benefit-framed,"How likely are you to use the council's new online services, which can save residents time?",18-34,Man,-1.723,4.0,0,1,215
R0003,Neutral,How likely are you to use the council's new online services?,35-54,Man,1.868,3.0,0,1,291
R0004,Neutral,How likely are you to use the council's new online services?,35-54,Woman,0.7,4.0,0,1,330
R0005,Effort-framed,"How likely are you to use the council's new online services, even if setup takes a few minutes?",35-54,Man,0.005,3.0,0,1,175
R0006,Neutral,How likely are you to use the council's new online services?,55+,Man,-0.839,1.0,0,1,270
R0007,Effort-framed,"How likely are you to use the council's new online services, even if setup takes a few minutes?",18-34,Woman,1.601,5.0,0,1,174
R0008,Benefit-framed,"How likely are you to use the council's new online services, which can save residents time?",35-54,Man,-0.642,3.0,0,1,176
R0009,Neutral,How likely are you to use the council's new online services?,55+,Man,-0.016,3.0,0,1,135
R0010,Neutral,How likely are you to use the council's new online services?,55+,Man,0.871,4.0,0,1,269
R0011,Benefit-framed,"How likely are you to use the council's new online services, which can save residents time?",55+,Woman,-1.43,3.0,0,1,112
R0012,Effort-framed,"How likely are you to use the council's new online services, even if setup takes a few minutes?",55+,Woman,-0.097,3.0,0,1,200
R0013,Effort-framed,"How likely are you to use the council's new online services, even if setup takes a few minutes?",18-34,Woman,2.013,5.0,0,1,207
R0014,Neutral,How likely are you to use the council's new online services?,18-34,Woman,0.977,4.0,0,1,94
R0015,Benefit-framed,"How likely are you to use the council's new online services, which can save residents time?",35-54,Man,-0.757,3.0,0,1,189
R0016,Neutral,How likely are you to use the council's new online services?,35-54,Man,-0.572,3.0,0,1,181
R0017,Neutral,How likely are you to use the council's new online services?,18-34,Man,0.3,3.0,0,1,160
R0018,Effort-framed,"How likely are you to use the council's new online services, even if setup takes a few minutes?",35-54,Woman,0.662,,1,1,209
R0019,Effort-framed,"How likely are you to use the council's new online services, even if setup takes a few minutes?",35-54,Man,0.358,3.0,0,1,413
R0020,Effort-framed,"How likely are you to use the council's new online services, even if setup takes a few minutes?",35-54,Woman,0.595,4.0,0,1,197
R0021,Effort-framed,"How likely are you to use the council's new online services, even if setup takes a few minutes?",35-54,Man,-2.097,3.0,0,1,233
R0022,Neutral,How likely are you to use the council's new online services?,55+,Man,0.408,,1,1,201
R0023,Effort-framed,"How likely are you to use the council's new online services, even if setup takes a few minutes?",35-54,Man,-0.552,3.0,0,1,272
R0024,Neutral,How likely are you to use the council's new online services?,35-54,Woman,0.023,2.0,0,1,160
R0025,Benefit-framed,"How likely are you to use the council's new online services, which can save residents time?",55+,Woman,-1.046,3.0,0,1,264
R0026,Effort-framed,"How likely are you to use the council's new online services, even if setup takes a few minutes?",55+,Woman,-0.249,4.0,0,1,227
R0027,Benefit-framed,"How likely are you to use the council's new online services, which can save residents time?",18-34,Man,-0.089,4.0,0,1,207
R0028,Effort-framed,"How likely are you to use the council's new online services, even if setup takes a few minutes?",35-54,Man,0.532,4.0,0,1,158
R0029,Benefit-framed,"How likely are you to use the council's new online services, which can save residents time?",35-54,Man,0.085,4.0,0,1,186
R0030,Neutral,How likely are you to use the council's new online services?,55+,Non-binary / self-describe,0.354,2.0,0,1,296
R0031,Neutral,How likely are you to use the council's new online services?,35-54,Man,-0.738,3.0,0,1,286
R0032,Effort-framed,"How likely are you to use the council's new online services, even if setup takes a few minutes?",55+,Man,-0.424,4.0,0,1,400
R0033,Effort-framed,"How likely are you to use the council's new online services, even if setup takes a few minutes?",55+,Man,-1.913,1.0,0,0,227
R0034,Effort-framed,"How likely are you to use the council's new online services, even if setup takes a few minutes?",35-54,Woman,0.99,1.0,0,1,253
R0035,Neutral,How likely are you to use the council's new online services?,18-34,Woman,-0.56,3.0,0,1,166
R0036,Neutral,How likely are you to use the council's new online services?,55+,Woman,-2.234,,1,1,165
R0037,Effort-framed,"How likely are you to use the council's new online services, even if setup takes a few minutes?",35-54,Woman,-0.572,1.0,0,1,370
R0038,Effort-framed,"How likely are you to use the council's new online services, even if setup takes a few minutes?",35-54,Man,0.812,4.0,0,0,326
R0039,Neutral,How likely are you to use the council's new online services?,35-54,Woman,0.366,3.0,0,1,236
R0040,Neutral,How likely are you to use the council's new online services?,55+,Man,-0.775,3.0,0,1,129
R0041,Effort-framed,"How likely are you to use the council's new online services, even if setup takes a few minutes?",35-54,Man,0.164,3.0,0,1,213
R0042,Neutral,How likely are you to use the council's new online services?,55+,Woman,0.224,3.0,0,1,181
R0043,Benefit-framed,"How likely are you to use the council's new online services, which can save residents time?",35-54,Woman,-0.081,3.0,0,1,184
R0044,Benefit-framed,"How likely are you to use the council's new online services, which can save residents time?",18-34,Man,-0.381,3.0,0,1,232
R0045,Neutral,How likely are you to use the council's new online services?,18-34,Woman,0.11,4.0,0,1,197
R0046,Benefit-framed,"How likely are you to use the council's new online services, which can save residents time?",35-54,Man,-1.041,3.0,0,1,168
R0047,Neutral,How likely are you to use the council's new online services?,18-34,Man,0.304,3.0,0,1,245
R0048,Benefit-framed,"How likely are you to use the council's new online services, which can save residents time?",35-54,Woman,1.022,2.0,0,1,238
R0049,Neutral,How likely are you to use the council's new online services?,55+,Woman,-0.432,3.0,0,1,248
R0050,Neutral,How likely are you to use the council's new online services?,35-54,Woman,0.115,3.0,0,1,240
R0051,Benefit-framed,"How likely are you to use the council's new online services, which can save residents time?",55+,Woman,-0.434,4.0,0,1,195
R0052,Effort-framed,"How likely are you to use the council's new online services, even if setup takes a few minutes?",18-34,Man,-0.5,2.0,0,1,170
R0053,Neutral,How likely are you to use the council's new online services?,35-54,Woman,0.819,2.0,0,1,224
R0054,Neutral,How likely are you to use the council's new online services?,55+,Woman,-2.365,1.0,0,1,311
R0055,Benefit-framed,"How likely are you to use the council's new online services, which can save residents time?",55+,Woman,-1.253,,1,0,261
R0056,Effort-framed,"How likely are you to use the council's new online services, even if setup takes a few minutes?",55+,Woman,-0.672,1.0,0,1,222
R0057,Benefit-framed,"How likely are you to use the council's new online services, which can save residents time?",55+,Woman,-0.901,1.0,0,1,236
R0058,Effort-framed,"How likely are you to use the council's new online services, even if setup takes a few minutes?",18-34,Woman,-0.083,,1,1,195
R0059,Neutral,How likely are you to use the council's new online services?,18-34,Woman,0.734,4.0,0,1,276
R0060,Effort-framed,"How likely are you to use the council's new online services, even if setup takes a few minutes?",55+,Woman,0.954,3.0,0,1,154
R0061,Neutral,How likely are you to use the council's new online services?,55+,Woman,-0.07,2.0,0,1,163
R0062,Benefit-framed,"How likely are you to use the council's new online services, which can save residents time?",18-34,Man,-0.349,3.0,0,1,247
R0063,Neutral,How likely are you to use the council's new online services?,35-54,Man,-0.228,3.0,0,1,203
R0064,Benefit-framed,"How likely are you to use the council's new online services, which can save residents time?",18-34,Man,1.528,3.0,0,1,236
R0065,Effort-framed,"How likely are you to use the council's new online services, even if setup takes a few minutes?",55+,Man,0.12,1.0,0,1,201
R0066,Neutral,How likely are you to use the council's new online services?,18-34,Woman,0.75,3.0,0,1,272
R0067,Benefit-framed,"How likely are you to use the council's new online services, which can save residents time?",18-34,Man,0.323,2.0,0,1,222
R0068,Neutral,How likely are you to use the council's new online services?,55+,Woman,-0.121,4.0,0,1,122
R0069,Effort-framed,"How likely are you to use the council's new online services, even if setup takes a few minutes?",55+,Woman,-0.767,1.0,0,1,218
R0070,Neutral,How likely are you to use the council's new online services?,35-54,Woman,0.184,3.0,0,1,129
R0071,Effort-framed,"How likely are you to use the council's new online services, even if setup takes a few minutes?",18-34,Man,-1.837,2.0,0,1,248
R0072,Effort-framed,"How likely are you to use the council's new online services, even if setup takes a few minutes?",55+,Man,-0.847,1.0,0,1,286
R0073,Neutral,How likely are you to use the council's new online services?,18-34,Man,0.106,3.0,0,1,116
R0074,Benefit-framed,"How likely are you to use the council's new online services, which can save residents time?",18-34,Woman,0.754,,1,1,246
R0075,Benefit-framed,"How likely are you to use the council's new online services, which can save residents time?",35-54,Man,-0.762,2.0,0,1,162
R0076,Effort-framed,"How likely are you to use the council's new online services, even if setup takes a few minutes?",18-34,Woman,0.706,5.0,0,1,432
R0077,Benefit-framed,"How likely are you to use the council's new online services, which can save residents time?",55+,Woman,0.638,5.0,0,1,106
R0078,Neutral,How likely are you to use the council's new online services?,55+,Man,-2.5,2.0,0,0,226
R0079,Neutral,How likely are you to use the council's new online services?,55+,Man,-0.501,2.0,0,1,317
R0080,Benefit-framed,"How likely are you to use the council's new online services, which can save residents time?",35-54,Man,-0.694,4.0,0,1,324
R0081,Neutral,How likely are you to use the council's new online services?,35-54,Non-binary / self-describe,0.737,3.0,0,1,232
R0082,Effort-framed,"How likely are you to use the council's new online services, even if setup takes a few minutes?",55+,Woman,-0.045,2.0,0,1,248
R0083,Neutral,How likely are you to use the council's new online services?,55+,Woman,-1.393,1.0,0,1,161
R0084,Effort-framed,"How likely are you to use the council's new online services, even if setup takes a few minutes?",35-54,Man,0.546,5.0,0,1,216
R0085,Benefit-framed,"How likely are you to use the council's new online services, which can save residents time?",55+,Woman,-2.069,3.0,0,1,212
R0086,Benefit-framed,"How likely are you to use the council's new online services, which can save residents time?",35-54,Man,-0.296,2.0,0,1,137
R0087,Effort-framed,"How likely are you to use the council's new online services, even if setup takes a few minutes?",55+,Man,0.143,4.0,0,1,181
R0088,Benefit-framed,"How likely are you to use the council's new online services, which can save residents time?",55+,Woman,-0.552,4.0,0,1,374
R0089,Neutral,How likely are you to use the council's new online services?,35-54,Man,0.222,4.0,0,1,242
R0090,Effort-framed,"How likely are you to use the council's new online services, even if setup takes a few minutes?",18-34,Woman,-0.493,3.0,0,1,270
R0091,Benefit-framed,"How likely are you to use the council's new online services, which can save residents time?",35-54,Man,-0.251,2.0,0,1,283
R0092,Effort-framed,"How likely are you to use the council's new online services, even if setup takes a few minutes?",55+,Man,0.563,1.0,0,1,221
R0093,Neutral,How likely are you to use the council's new online services?,35-54,Woman,-1.548,,1,0,196
R0094,Effort-framed,"How likely are you to use the council's new online services, even if setup takes a few minutes?",18-34,Man,0.937,2.0,0,1,228
R0095,Neutral,How likely are you to use the council's new online services?,55+,Man,-0.914,1.0,0,1,154
R0096,Effort-framed,"How likely are you to use the council's new online services, even if setup takes a few minutes?",55+,Woman,-0.979,,1,0,169
R0097,Neutral,How likely are you to use the council's new online services?,18-34,Woman,-0.946,2.0,0,1,125
R0098,Effort-framed,"How likely are you to use the council's new online services, even if setup takes a few minutes?",35-54,Woman,1.156,,1,1,172
R0099,Neutral,How likely are you to use the council's new online services?,35-54,Man,-0.068,3.0,0,1,174
R0100,Effort-framed,"How likely are you to use the council's new online services, even if setup takes a few minutes?",35-54,Woman,0.873,3.0,0,1,218
R0101,Neutral,How likely are you to use the council's new online services?,55+,Non-binary / self-describe,-0.859,,1,1,129
R0102,Effort-framed,"How likely are you to use the council's new online services, even if setup takes a few minutes?",35-54,Man,0.223,2.0,0,1,303
R0103,Benefit-framed,"How likely are you to use the council's new online services, which can save residents time?",55+,Woman,-0.366,4.0,0,1,193
R0104,Effort-framed,"How likely are you to use the council's new online services, even if setup takes a few minutes?",55+,Woman,-1.352,2.0,0,1,318
R0105,Neutral,How likely are you to use the council's new online services?,35-54,Man,-0.856,3.0,0,1,218
R0106,Neutral,How likely are you to use the council's new online services?,18-34,Man,0.913,1.0,0,1,383
R0107,Effort-framed,"How likely are you to use the council's new online services, even if setup takes a few minutes?",55+,Woman,1.935,4.0,0,1,228
R0108,Effort-framed,"How likely are you to use the council's new online services, even if setup takes a few minutes?",55+,Woman,1.108,3.0,0,1,202
R0109,Benefit-framed,"How likely are you to use the council's new online services, which can save residents time?",55+,Woman,-2.046,2.0,0,1,139
R0110,Effort-framed,"How likely are you to use the council's new online services, even if setup takes a few minutes?",55+,Woman,0.41,2.0,0,1,184
R0111,Neutral,How likely are you to use the council's new online services?,18-34,Woman,1.698,4.0,0,1,251
R0112,Effort-framed,"How likely are you to use the council's new online services, even if setup takes a few minutes?",18-34,Man,2.5,5.0,0,1,287
R0113,Effort-framed,"How likely are you to use the council's new online services, even if setup takes a few minutes?",55+,Man,-0.521,3.0,0,1,194
R0114,Neutral,How likely are you to use the council's new online services?,18-34,Woman,-0.26,2.0,0,1,318
R0115,Benefit-framed,"How likely are you to use the council's new online services, which can save residents time?",35-54,Man,-0.773,4.0,0,1,124
R0116,Effort-framed,"How likely are you to use the council's new online services, even if setup takes a few minutes?",18-34,Woman,1.41,3.0,0,1,331
R0117,Effort-framed,"How likely are you to use the council's new online services, even if setup takes a few minutes?",55+,Woman,0.125,5.0,0,1,515
R0118,Neutral,How likely are you to use the council's new online services?,55+,Woman,-1.424,2.0,0,1,292
R0119,Neutral,How likely are you to use the council's new online services?,35-54,Woman,-0.21,3.0,0,1,224
R0120,Neutral,How likely are you to use the council's new online services?,18-34,Man,0.224,1.0,0,1,176
R0121,Benefit-framed,"How likely are you to use the council's new online services, which can save residents time?",35-54,Man,-0.001,3.0,0,1,95
R0122,Benefit-framed,"How likely are you to use the council's new online services, which can save residents time?",18-34,Woman,0.286,4.0,0,1,149
R0123,Benefit-framed,"How likely are you to use the council's new online services, which can save residents time?",35-54,Woman,0.254,3.0,0,1,243
R0124,Effort-framed,"How likely are you to use the council's new online services, even if setup takes a few minutes?",35-54,Man,0.329,2.0,0,1,200
R0125,Benefit-framed,"How likely are you to use the council's new online services, which can save residents time?",18-34,Woman,-0.899,,1,1,223
R0126,Neutral,How likely are you to use the council's new online services?,55+,Man,-0.241,3.0,0,1,245
R0127,Effort-framed,"How likely are you to use the council's new online services, even if setup takes a few minutes?",18-34,Man,-0.339,3.0,0,1,244
R0128,Effort-framed,"How likely are you to use the council's new online services, even if setup takes a few minutes?",18-34,Non-binary / self-describe,0.98,3.0,0,1,215
R0129,Effort-framed,"How likely are you to use the council's new online services, even if setup takes a few minutes?",35-54,Man,0.554,4.0,0,1,361
R0130,Neutral,How likely are you to use the council's new online services?,35-54,Woman,-0.298,2.0,0,1,171
R0131,Effort-framed,"How likely are you to use the council's new online services, even if setup takes a few minutes?",35-54,Man,-0.069,4.0,0,1,328
R0132,Benefit-framed,"How likely are you to use the council's new online services, which can save residents time?",18-34,Man,-0.025,4.0,0,1,267
R0133,Neutral,How likely are you to use the council's new online services?,18-34,Man,1.425,5.0,0,1,211
R0134,Benefit-framed,"How likely are you to use the council's new online services, which can save residents time?",18-34,Man,0.135,2.0,0,1,308
R0135,Effort-framed,"How likely are you to use the council's new online services, even if setup takes a few minutes?",18-34,Woman,0.709,2.0,0,1,206
R0136,Neutral,How likely are you to use the council's new online services?,55+,Woman,-0.86,4.0,0,1,358
R0137,Effort-framed,"How likely are you to use the council's new online services, even if setup takes a few minutes?",35-54,Woman,0.954,2.0,0,1,124
R0138,Effort-framed,"How likely are you to use the council's new online services, even if setup takes a few minutes?",55+,Man,-0.531,2.0,0,1,368
R0139,Benefit-framed,"How likely are you to use the council's new online services, which can save residents time?",55+,Man,-1.135,2.0,0,1,140
R0140,Effort-framed,"How likely are you to use the council's new online services, even if setup takes a few minutes?",18-34,Man,-1.047,1.0,0,1,531
R0141,Effort-framed,"How likely are you to use the council's new online services, even if setup takes a few minutes?",35-54,Woman,-0.563,2.0,0,1,198
R0142,Benefit-framed,"How likely are you to use the council's new online services, which can save residents time?",18-34,Woman,-0.518,4.0,0,1,255
R0143,Effort-framed,"How likely are you to use the council's new online services, even if setup takes a few minutes?",18-34,Woman,0.918,4.0,0,1,191
R0144,Effort-framed,"How likely are you to use the council's new online services, even if setup takes a few minutes?",55+,Man,-0.287,2.0,0,1,252
R0145,Benefit-framed,"How likely are you to use the council's new online services, which can save residents time?",18-34,Woman,1.884,5.0,0,1,188
R0146,Neutral,How likely are you to use the council's new online services?,35-54,Man,0.366,4.0,0,1,230
R0147,Neutral,How likely are you to use the council's new online services?,55+,Man,-0.554,3.0,0,1,209
R0148,Neutral,How likely are you to use the council's new online services?,18-34,Man,0.171,4.0,0,1,192
R0149,Effort-framed,"How likely are you to use the council's new online services, even if setup takes a few minutes?",35-54,Man,1.006,2.0,0,1,220
R0150,Benefit-framed,"How likely are you to use the council's new online services, which can save residents time?",18-34,Man,1.845,4.0,0,1,195
R0151,Benefit-framed,"How likely are you to use the council's new online services, which can save residents time?",55+,Man,0.514,1.0,0,1,137
R0152,Benefit-framed,"How likely are you to use the council's new online services, which can save residents time?",35-54,Man,0.895,3.0,0,1,263
R0153,Effort-framed,"How likely are you to use the council's new online services, even if setup takes a few minutes?",55+,Woman,-0.04,1.0,0,1,288
R0154,Effort-framed,"How likely are you to use the council's new online services, even if setup takes a few minutes?",18-34,Woman,0.708,3.0,0,1,420
R0155,Effort-framed,"How likely are you to use the council's new online services, even if setup takes a few minutes?",35-54,Woman,0.514,3.0,0,1,179
R0156,Neutral,How likely are you to use the council's new online services?,35-54,Man,1.101,4.0,0,0,184
R0157,Neutral,How likely are you to use the council's new online services?,35-54,Woman,0.668,3.0,0,1,215
R0158,Effort-framed,"How likely are you to use the council's new online services, even if setup takes a few minutes?",55+,Woman,1.033,5.0,0,1,232
R0159,Effort-framed,"How likely are you to use the council's new online services, even if setup takes a few minutes?",18-34,Woman,0.352,4.0,0,1,205
R0160,Effort-framed,"How likely are you to use the council's new online services, even if setup takes a few minutes?",35-54,Man,0.995,4.0,0,1,133
R0161,Benefit-framed,"How likely are you to use the council's new online services, which can save residents time?",55+,Man,0.547,5.0,0,1,194
R0162,Neutral,How likely are you to use the council's new online services?,55+,Woman,-1.059,4.0,0,1,173
R0163,Benefit-framed,"How likely are you to use the council's new online services, which can save residents time?",18-34,Man,1.008,5.0,0,1,247
R0164,Benefit-framed,"How likely are you to use the council's new online services, which can save residents time?",35-54,Man,0.889,4.0,0,1,143
R0165,Benefit-framed,"How likely are you to use the council's new online services, which can save residents time?",55+,Woman,0.173,5.0,0,1,145
R0166,Neutral,How likely are you to use the council's new online services?,18-34,Man,0.567,2.0,0,1,315
R0167,Neutral,How likely are you to use the council's new online services?,35-54,Woman,-0.312,3.0,0,1,173
R0168,Effort-framed,"How likely are you to use the council's new online services, even if setup takes a few minutes?",35-54,Man,1.518,3.0,0,1,178
R0169,Benefit-framed,"How likely are you to use the council's new online services, which can save residents time?",18-34,Woman,0.661,3.0,0,1,227
R0170,Effort-framed,"How likely are you to use the council's new online services, even if setup takes a few minutes?",55+,Woman,-0.234,2.0,0,1,185
R0171,Neutral,How likely are you to use the council's new online services?,55+,Woman,-1.187,3.0,0,1,236
R0172,Benefit-framed,"How likely are you to use the council's new online services, which can save residents time?",55+,Woman,-1.58,2.0,0,1,168
R0173,Effort-framed,"How likely are you to use the council's new online services, even if setup takes a few minutes?",18-34,Woman,-0.428,3.0,0,1,357
R0174,Effort-framed,"How likely are you to use the council's new online services, even if setup takes a few minutes?",18-34,Man,-0.069,3.0,0,1,173
R0175,Neutral,How likely are you to use the council's new online services?,55+,Man,-1.957,2.0,0,1,254
R0176,Effort-framed,"How likely are you to use the council's new online services, even if setup takes a few minutes?",55+,Man,-0.267,1.0,0,1,405
R0177,Neutral,How likely are you to use the council's new online services?,55+,Woman,0.059,4.0,0,1,288
R0178,Neutral,How likely are you to use the council's new online services?,55+,Man,0.498,3.0,0,1,183
R0179,Neutral,How likely are you to use the council's new online services?,55+,Man,0.74,4.0,0,1,429
R0180,Benefit-framed,"How likely are you to use the council's new online services, which can save residents time?",35-54,Man,1.505,4.0,0,1,135
R0181,Effort-framed,"How likely are you to use the council's new online services, even if setup takes a few minutes?",55+,Non-binary / self-describe,-0.659,1.0,0,1,171
R0182,Neutral,How likely are you to use the council's new online services?,18-34,Woman,0.384,4.0,0,1,196
R0183,Benefit-framed,"How likely are you to use the council's new online services, which can save residents time?",55+,Man,0.353,3.0,0,1,244
R0184,Neutral,How likely are you to use the council's new online services?,18-34,Man,0.62,5.0,0,1,251
R0185,Effort-framed,"How likely are you to use the council's new online services, even if setup takes a few minutes?",55+,Woman,-0.291,3.0,0,1,261
R0186,Neutral,How likely are you to use the council's new online services?,18-34,Woman,0.204,4.0,0,1,323
R0187,Effort-framed,"How likely are you to use the council's new online services, even if setup takes a few minutes?",55+,Man,-1.498,4.0,0,1,167
R0188,Effort-framed,"How likely are you to use the council's new online services, even if setup takes a few minutes?",18-34,Woman,-2.433,3.0,0,1,194
R0189,Benefit-framed,"How likely are you to use the council's new online services, which can save residents time?",35-54,Woman,-1.764,3.0,0,1,204
R0190,Effort-framed,"How likely are you to use the council's new online services, even if setup takes a few minutes?",35-54,Woman,-0.373,3.0,0,1,216
R0191,Benefit-framed,"How likely are you to use the council's new online services, which can save residents time?",18-34,Woman,-0.276,4.0,0,1,110
R0192,Benefit-framed,"How likely are you to use the council's new online services, which can save residents time?",35-54,Woman,1.218,4.0,0,1,220
R0193,Neutral,How likely are you to use the council's new online services?,18-34,Man,0.352,2.0,0,1,140
R0194,Benefit-framed,"How likely are you to use the council's new online services, which can save residents time?",35-54,Woman,0.452,4.0,0,1,289
R0195,Neutral,How likely are you to use the council's new online services?,18-34,Woman,0.551,3.0,0,1,120
R0196,Neutral,How likely are you to use the council's new online services?,55+,Woman,0.377,5.0,0,1,385
R0197,Neutral,How likely are you to use the council's new online services?,18-34,Woman,0.153,1.0,0,1,122
R0198,Neutral,How likely are you to use the council's new online services?,35-54,Woman,-0.625,1.0,0,1,157
R0199,Neutral,How likely are you to use the council's new online services?,35-54,Woman,-0.205,3.0,0,1,122
R0200,Benefit-framed,"How likely are you to use the council's new online services, which can save residents time?",55+,Man,-0.506,3.0,0,1,274
R0201,Effort-framed,"How likely are you to use the council's new online services, even if setup takes a few minutes?",35-54,Woman,-0.082,2.0,0,1,247
R0202,Benefit-framed,"How likely are you to use the council's new online services, which can save residents time?",18-34,Man,1.958,5.0,0,1,199
R0203,Neutral,How likely are you to use the council's new online services?,35-54,Man,0.085,3.0,0,1,119
R0204,Effort-framed,"How likely are you to use the council's new online services, even if setup takes a few minutes?",18-34,Woman,-0.189,1.0,0,1,279
R0205,Neutral,How likely are you to use the council's new online services?,55+,Man,-1.369,2.0,0,1,158
R0206,Benefit-framed,"How likely are you to use the council's new online services, which can save residents time?",35-54,Man,2.18,4.0,0,1,243
R0207,Effort-framed,"How likely are you to use the council's new online services, even if setup takes a few minutes?",35-54,Man,-1.373,2.0,0,1,176
R0208,Effort-framed,"How likely are you to use the council's new online services, even if setup takes a few minutes?",18-34,Woman,0.912,3.0,0,0,199
R0209,Effort-framed,"How likely are you to use the council's new online services, even if setup takes a few minutes?",55+,Woman,-0.463,2.0,0,1,201
R0210,Neutral,How likely are you to use the council's new online services?,18-34,Man,-1.242,1.0,0,1,256
R0211,Neutral,How likely are you to use the council's new online services?,18-34,Man,-0.719,3.0,0,1,254
R0212,Neutral,How likely are you to use the council's new online services?,35-54,Man,0.472,4.0,0,1,241
R0213,Effort-framed,"How likely are you to use the council's new online services, even if setup takes a few minutes?",35-54,Woman,-0.043,3.0,0,1,280
R0214,Benefit-framed,"How likely are you to use the council's new online services, which can save residents time?",55+,Man,-1.096,2.0,0,1,164
R0215,Effort-framed,"How likely are you to use the council's new online services, even if setup takes a few minutes?",55+,Man,0.27,3.0,0,1,290
R0216,Benefit-framed,"How likely are you to use the council's new online services, which can save residents time?",55+,Woman,-2.079,4.0,0,1,145
R0217,Neutral,How likely are you to use the council's new online services?,18-34,Woman,0.795,5.0,0,1,254
R0218,Benefit-framed,"How likely are you to use the council's new online services, which can save residents time?",55+,Woman,-0.642,3.0,0,1,153
R0219,Benefit-framed,"How likely are you to use the council's new online services, which can save residents time?",18-34,Man,-0.979,4.0,0,1,196
R0220,Benefit-framed,"How likely are you to use the council's new online services, which can save residents time?",55+,Man,-0.423,3.0,0,1,208
R0221,Neutral,How likely are you to use the council's new online services?,35-54,Man,2.207,5.0,0,1,171
R0222,Neutral,How likely are you to use the council's new online services?,18-34,Man,-0.254,4.0,0,1,175
R0223,Benefit-framed,"How likely are you to use the council's new online services, which can save residents time?",18-34,Woman,-1.648,3.0,0,1,135
R0224,Effort-framed,"How likely are you to use the council's new online services, even if setup takes a few minutes?",18-34,Man,-0.985,3.0,0,1,188
R0225,Effort-framed,"How likely are you to use the council's new online services, even if setup takes a few minutes?",35-54,Man,-0.017,2.0,0,1,256
R0226,Neutral,How likely are you to use the council's new online services?,18-34,Man,2.199,3.0,0,1,156
R0227,Benefit-framed,"How likely are you to use the council's new online services, which can save residents time?",35-54,Man,-0.693,3.0,0,1,220
R0228,Neutral,How likely are you to use the council's new online services?,55+,Woman,0.438,4.0,0,1,190
R0229,Neutral,How likely are you to use the council's new online services?,18-34,Woman,-0.899,3.0,0,1,186
R0230,Benefit-framed,"How likely are you to use the council's new online services, which can save residents time?",35-54,Man,-0.299,5.0,0,1,182
R0231,Benefit-framed,"How likely are you to use the council's new online services, which can save residents time?",35-54,Man,-1.312,2.0,0,1,116
R0232,Benefit-framed,"How likely are you to use the council's new online services, which can save residents time?",55+,Woman,-1.019,5.0,0,1,142
R0233,Effort-framed,"How likely are you to use the council's new online services, even if setup takes a few minutes?",35-54,Man,1.697,3.0,0,1,224
R0234,Neutral,How likely are you to use the council's new online services?,55+,Woman,1.68,4.0,0,1,264
R0235,Effort-framed,"How likely are you to use the council's new online services, even if setup takes a few minutes?",35-54,Woman,-1.003,2.0,0,0,159
R0236,Neutral,How likely are you to use the council's new online services?,18-34,Woman,0.889,3.0,0,1,158
R0237,Neutral,How likely are you to use the council's new online services?,55+,Woman,-0.113,4.0,0,1,111
R0238,Effort-framed,"How likely are you to use the council's new online services, even if setup takes a few minutes?",18-34,Woman,0.439,3.0,0,1,319
R0239,Effort-framed,"How likely are you to use the council's new online services, even if setup takes a few minutes?",35-54,Woman,-1.835,4.0,0,1,245
R0240,Benefit-framed,"How likely are you to use the council's new online services, which can save residents time?",55+,Man,-1.0,2.0,0,1,190
R0241,Effort-framed,"How likely are you to use the council's new online services, even if setup takes a few minutes?",18-34,Woman,0.658,5.0,0,1,190
R0242,Effort-framed,"How likely are you to use the council's new online services, even if setup takes a few minutes?",18-34,Man,0.375,2.0,0,1,392
R0243,Neutral,How likely are you to use the council's new online services?,18-34,Woman,0.287,4.0,0,1,252
R0244,Neutral,How likely are you to use the council's new online services?,55+,Man,-1.618,3.0,0,1,132
R0245,Effort-framed,"How likely are you to use the council's new online services, even if setup takes a few minutes?",35-54,Woman,0.818,4.0,0,1,323
R0246,Effort-framed,"How likely are you to use the council's new online services, even if setup takes a few minutes?",55+,Woman,-1.486,3.0,0,1,207
R0247,Effort-framed,"How likely are you to use the council's new online services, even if setup takes a few minutes?",18-34,Woman,1.539,4.0,0,1,180
R0248,Benefit-framed,"How likely are you to use the council's new online services, which can save residents time?",55+,Man,-0.118,3.0,0,1,200
R0249,Effort-framed,"How likely are you to use the council's new online services, even if setup takes a few minutes?",35-54,Man,0.799,3.0,0,1,260
R0250,Effort-framed,"How likely are you to use the council's new online services, even if setup takes a few minutes?",35-54,Man,1.546,4.0,0,1,222
R0251,Benefit-framed,"How likely are you to use the council's new online services, which can save residents time?",55+,Woman,-0.733,3.0,0,1,246
R0252,Neutral,How likely are you to use the council's new online services?,55+,Man,-0.758,3.0,0,1,218
R0253,Effort-framed,"How likely are you to use the council's new online services, even if setup takes a few minutes?",55+,Man,-1.934,3.0,0,1,211
R0254,Effort-framed,"How likely are you to use the council's new online services, even if setup takes a few minutes?",35-54,Woman,1.628,3.0,0,1,253
R0255,Benefit-framed,"How likely are you to use the council's new online services, which can save residents time?",35-54,Man,0.496,2.0,0,1,248
R0256,Benefit-framed,"How likely are you to use the council's new online services, which can save residents time?",35-54,Man,0.524,,1,1,279
R0257,Benefit-framed,"How likely are you to use the council's new online services, which can save residents time?",35-54,Man,1.532,4.0,0,1,228
R0258,Neutral,How likely are you to use the council's new online services?,55+,Woman,-1.829,1.0,0,1,209
R0259,Neutral,How likely are you to use the council's new online services?,35-54,Woman,-0.472,4.0,0,1,228
R0260,Benefit-framed,"How likely are you to use the council's new online services, which can save residents time?",55+,Man,-0.268,2.0,0,1,307
R0261,Benefit-framed,"How likely are you to use the council's new online services, which can save residents time?",35-54,Woman,-0.548,3.0,0,1,213
R0262,Neutral,How likely are you to use the council's new online services?,18-34,Man,1.124,3.0,0,1,313
R0263,Benefit-framed,"How likely are you to use the council's new online services, which can save residents time?",18-34,Man,0.661,5.0,0,1,412
R0264,Effort-framed,"How likely are you to use the council's new online services, even if setup takes a few minutes?",35-54,Man,-0.084,4.0,0,1,153
R0265,Neutral,How likely are you to use the council's new online services?,35-54,Man,-0.675,4.0,0,1,149
R0266,Effort-framed,"How likely are you to use the council's new online services, even if setup takes a few minutes?",35-54,Woman,-2.126,2.0,0,1,336
R0267,Effort-framed,"How likely are you to use the council's new online services, even if setup takes a few minutes?",18-34,Woman,0.591,1.0,0,1,205
R0268,Neutral,How likely are you to use the council's new online services?,55+,Man,0.432,3.0,0,1,167
R0269,Effort-framed,"How likely are you to use the council's new online services, even if setup takes a few minutes?",18-34,Woman,-1.409,1.0,0,1,220
R0270,Neutral,How likely are you to use the council's new online services?,35-54,Woman,0.029,2.0,0,0,259
R0271,Neutral,How likely are you to use the council's new online services?,55+,Woman,-0.227,3.0,0,1,213
R0272,Neutral,How likely are you to use the council's new online services?,35-54,Woman,-0.474,4.0,0,1,212
R0273,Neutral,How likely are you to use the council's new online services?,55+,Woman,0.362,3.0,0,1,165
R0274,Effort-framed,"How likely are you to use the council's new online services, even if setup takes a few minutes?",18-34,Woman,-0.642,1.0,0,1,256
R0275,Neutral,How likely are you to use the council's new online services?,35-54,Woman,-0.099,2.0,0,1,140
R0276,Neutral,How likely are you to use the council's new online services?,18-34,Man,-0.336,3.0,0,1,228
R0277,Effort-framed,"How likely are you to use the council's new online services, even if setup takes a few minutes?",18-34,Woman,-0.063,4.0,0,1,186
R0278,Benefit-framed,"How likely are you to use the council's new online services, which can save residents time?",35-54,Woman,-1.542,3.0,0,1,279
R0279,Benefit-framed,"How likely are you to use the council's new online services, which can save residents time?",18-34,Man,1.08,5.0,0,1,338
R0280,Effort-framed,"How likely are you to use the council's new online services, even if setup takes a few minutes?",55+,Man,-0.549,1.0,0,1,236
R0281,Benefit-framed,"How likely are you to use the council's new online services, which can save residents time?",55+,Woman,-1.951,3.0,0,1,235
R0282,Neutral,How likely are you to use the council's new online services?,35-54,Woman,2.324,5.0,0,1,382
R0283,Effort-framed,"How likely are you to use the council's new online services, even if setup takes a few minutes?",35-54,Man,0.303,4.0,0,1,211
R0284,Benefit-framed,"How likely are you to use the council's new online services, which can save residents time?",18-34,Woman,0.918,3.0,0,1,288
R0285,Neutral,How likely are you to use the council's new online services?,55+,Man,-0.915,3.0,0,1,105
R0286,Neutral,How likely are you to use the council's new online services?,55+,Non-binary / self-describe,0.231,2.0,0,1,122
R0287,Effort-framed,"How likely are you to use the council's new online services, even if setup takes a few minutes?",18-34,Woman,0.964,4.0,0,1,131
R0288,Benefit-framed,"How likely are you to use the council's new online services, which can save residents time?",35-54,Man,-0.115,2.0,0,1,175
R0289,Benefit-framed,"How likely are you to use the council's new online services, which can save residents time?",18-34,Man,1.378,5.0,0,1,258
R0290,Effort-framed,"How likely are you to use the council's new online services, even if setup takes a few minutes?",35-54,Man,-0.657,,1,1,172
R0291,Benefit-framed,"How likely are you to use the council's new online services, which can save residents time?",35-54,Woman,-0.121,4.0,0,1,215
R0292,Neutral,How likely are you to use the council's new online services?,18-34,Man,-2.038,4.0,0,1,203
R0293,Neutral,How likely are you to use the council's new online services?,35-54,Woman,-1.22,2.0,0,1,420
R0294,Neutral,How likely are you to use the council's new online services?,35-54,Woman,-2.006,1.0,0,1,167
R0295,Neutral,How likely are you to use the council's new online services?,18-34,Man,0.823,3.0,0,1,298
R0296,Effort-framed,"How likely are you to use the council's new online services, even if setup takes a few minutes?",55+,Man,-2.116,1.0,0,1,283
R0297,Neutral,How likely are you to use the council's new online services?,18-34,Woman,-0.17,2.0,0,1,385
R0298,Neutral,How likely are you to use the council's new online services?,35-54,Woman,0.177,2.0,0,1,172
R0299,Benefit-framed,"How likely are you to use the council's new online services, which can save residents time?",18-34,Man,0.895,4.0,0,1,257
R0300,Effort-framed,"How likely are you to use the council's new online services, even if setup takes a few minutes?",35-54,Woman,1.49,3.0,0,1,157
R0301,Benefit-framed,"How likely are you to use the council's new online services, which can save residents time?",18-34,Man,0.312,3.0,0,1,171
R0302,Benefit-framed,"How likely are you to use the council's new online services, which can save residents time?",18-34,Woman,-0.418,5.0,0,1,252
R0303,Neutral,How likely are you to use the council's new online services?,35-54,Man,0.634,5.0,0,1,208
R0304,Benefit-framed,"How likely are you to use the council's new online services, which can save residents time?",18-34,Woman,0.778,3.0,0,1,156
R0305,Effort-framed,"How likely are you to use the council's new online services, even if setup takes a few minutes?",18-34,Man,0.486,3.0,0,1,144
R0306,Neutral,How likely are you to use the council's new online services?,18-34,Man,0.306,3.0,0,1,235
R0307,Neutral,How likely are you to use the council's new online services?,18-34,Man,-0.777,3.0,0,1,274
R0308,Effort-framed,"How likely are you to use the council's new online services, even if setup takes a few minutes?",35-54,Woman,-0.008,2.0,0,1,172
R0309,Neutral,How likely are you to use the council's new online services?,18-34,Woman,1.433,4.0,0,1,195
R0310,Neutral,How likely are you to use the council's new online services?,18-34,Woman,0.031,4.0,0,1,202
R0311,Neutral,How likely are you to use the council's new online services?,35-54,Man,-1.781,2.0,0,1,280
R0312,Effort-framed,"How likely are you to use the council's new online services, even if setup takes a few minutes?",18-34,Man,0.988,2.0,0,1,138
R0313,Effort-framed,"How likely are you to use the council's new online services, even if setup takes a few minutes?",35-54,Man,-1.174,,1,1,256
R0314,Effort-framed,"How likely are you to use the council's new online services, even if setup takes a few minutes?",55+,Man,-2.316,1.0,0,1,120
R0315,Effort-framed,"How likely are you to use the council's new online services, even if setup takes a few minutes?",55+,Woman,0.194,4.0,0,1,170
R0316,Effort-framed,"How likely are you to use the council's new online services, even if setup takes a few minutes?",35-54,Woman,0.53,4.0,0,1,199
R0317,Benefit-framed,"How likely are you to use the council's new online services, which can save residents time?",55+,Woman,0.672,4.0,0,1,315
R0318,Neutral,How likely are you to use the council's new online services?,55+,Woman,-1.017,4.0,0,1,227
R0319,Effort-framed,"How likely are you to use the council's new online services, even if setup takes a few minutes?",55+,Woman,0.666,3.0,0,0,218
R0320,Neutral,How likely are you to use the council's new online services?,35-54,Woman,-1.535,4.0,0,1,204
R0321,Effort-framed,"How likely are you to use the council's new online services, even if setup takes a few minutes?",35-54,Woman,-0.578,2.0,0,1,246
R0322,Neutral,How likely are you to use the council's new online services?,35-54,Woman,-1.118,2.0,0,1,199
R0323,Effort-framed,"How likely are you to use the council's new online services, even if setup takes a few minutes?",18-34,Man,1.619,4.0,0,1,238
R0324,Effort-framed,"How likely are you to use the council's new online services, even if setup takes a few minutes?",55+,Man,-0.52,3.0,0,1,231
R0325,Effort-framed,"How likely are you to use the council's new online services, even if setup takes a few minutes?",55+,Woman,0.166,3.0,0,1,235
R0326,Neutral,How likely are you to use the council's new online services?,55+,Man,2.271,4.0,0,1,149
R0327,Neutral,How likely are you to use the council's new online services?,35-54,Man,2.004,5.0,0,1,186
R0328,Benefit-framed,"How likely are you to use the council's new online services, which can save residents time?",18-34,Man,-0.446,2.0,0,1,140
R0329,Neutral,How likely are you to use the council's new online services?,55+,Woman,0.054,3.0,0,1,248
R0330,Effort-framed,"How likely are you to use the council's new online services, even if setup takes a few minutes?",55+,Woman,-0.293,4.0,0,1,263
R0331,Benefit-framed,"How likely are you to use the council's new online services, which can save residents time?",55+,Woman,-1.886,2.0,0,1,240
R0332,Benefit-framed,"How likely are you to use the council's new online services, which can save residents time?",18-34,Woman,1.264,4.0,0,1,106
R0333,Effort-framed,"How likely are you to use the council's new online services, even if setup takes a few minutes?",18-34,Woman,1.483,4.0,0,1,201
R0334,Neutral,How likely are you to use the council's new online services?,35-54,Man,-1.261,3.0,0,1,212
R0335,Benefit-framed,"How likely are you to use the council's new online services, which can save residents time?",35-54,Woman,0.782,3.0,0,1,238
R0336,Benefit-framed,"How likely are you to use the council's new online services, which can save residents time?",55+,Man,-1.769,3.0,0,1,344
R0337,Neutral,How likely are you to use the council's new online services?,18-34,Woman,0.956,3.0,0,1,185
R0338,Benefit-framed,"How likely are you to use the council's new online services, which can save residents time?",18-34,Woman,2.005,5.0,0,1,273
R0339,Benefit-framed,"How likely are you to use the council's new online services, which can save residents time?",18-34,Man,-0.422,3.0,0,1,262
R0340,Benefit-framed,"How likely are you to use the council's new online services, which can save residents time?",35-54,Woman,0.589,3.0,0,1,274
R0341,Benefit-framed,"How likely are you to use the council's new online services, which can save residents time?",35-54,Man,0.411,4.0,0,1,195
R0342,Benefit-framed,"How likely are you to use the council's new online services, which can save residents time?",55+,Woman,-0.093,3.0,0,1,373
R0343,Benefit-framed,"How likely are you to use the council's new online services, which can save residents time?",55+,Woman,-0.798,2.0,0,1,194
R0344,Benefit-framed,"How likely are you to use the council's new online services, which can save residents time?",35-54,Woman,-1.617,2.0,0,1,336
R0345,Neutral,How likely are you to use the council's new online services?,55+,Man,0.84,4.0,0,1,179
R0346,Neutral,How likely are you to use the council's new online services?,55+,Man,0.435,3.0,0,1,185
R0347,Neutral,How likely are you to use the council's new online services?,35-54,Woman,-1.32,,1,1,157
R0348,Neutral,How likely are you to use the council's new online services?,35-54,Woman,0.345,4.0,0,1,281
R0349,Neutral,How likely are you to use the council's new online services?,35-54,Man,-0.885,2.0,0,1,302
R0350,Neutral,How likely are you to use the council's new online services?,35-54,Woman,0.666,1.0,0,1,221
R0351,Benefit-framed,"How likely are you to use the council's new online services, which can save residents time?",35-54,Woman,0.122,5.0,0,1,213
R0352,Benefit-framed,"How likely are you to use the council's new online services, which can save residents time?",55+,Woman,-0.184,,1,1,409
R0353,Benefit-framed,"How likely are you to use the council's new online services, which can save residents time?",18-34,Woman,1.217,5.0,0,1,285
R0354,Effort-framed,"How likely are you to use the council's new online services, even if setup takes a few minutes?",18-34,Man,0.082,3.0,0,1,349
R0355,Neutral,How likely are you to use the council's new online services?,18-34,Man,1.111,5.0,0,1,194
R0356,Effort-framed,"How likely are you to use the council's new online services, even if setup takes a few minutes?",55+,Man,0.022,4.0,0,1,378
R0357,Neutral,How likely are you to use the council's new online services?,35-54,Man,-0.649,3.0,0,1,127
R0358,Benefit-framed,"How likely are you to use the council's new online services, which can save residents time?",35-54,Woman,-1.344,3.0,0,1,139
R0359,Effort-framed,"How likely are you to use the council's new online services, even if setup takes a few minutes?",35-54,Non-binary / self-describe,0.102,2.0,0,1,382
R0360,Neutral,How likely are you to use the council's new online services?,35-54,Woman,-0.483,3.0,0,1,134
R0361,Benefit-framed,"How likely are you to use the council's new online services, which can save residents time?",35-54,Man,-0.211,4.0,0,0,333
R0362,Effort-framed,"How likely are you to use the council's new online services, even if setup takes a few minutes?",18-34,Man,-0.907,2.0,0,1,176
R0363,Effort-framed,"How likely are you to use the council's new online services, even if setup takes a few minutes?",55+,Woman,-1.862,2.0,0,1,216
R0364,Effort-framed,"How likely are you to use the council's new online services, even if setup takes a few minutes?",55+,Man,0.946,,1,1,444
R0365,Neutral,How likely are you to use the council's new online services?,55+,Man,1.446,5.0,0,1,280
R0366,Benefit-framed,"How likely are you to use the council's new online services, which can save residents time?",18-34,Man,1.517,5.0,0,1,261
R0367,Benefit-framed,"How likely are you to use the council's new online services, which can save residents time?",18-34,Man,-0.312,3.0,0,1,239
R0368,Benefit-framed,"How likely are you to use the council's new online services, which can save residents time?",35-54,Woman,-0.834,3.0,0,1,249
R0369,Benefit-framed,"How likely are you to use the council's new online services, which can save residents time?",18-34,Woman,2.093,4.0,0,1,230
R0370,Neutral,How likely are you to use the council's new online services?,55+,Man,0.063,4.0,0,1,178
R0371,Neutral,How likely are you to use the council's new online services?,18-34,Man,0.631,4.0,0,1,204
R0372,Benefit-framed,"How likely are you to use the council's new online services, which can save residents time?",18-34,Man,-1.22,4.0,0,1,208
R0373,Benefit-framed,"How likely are you to use the council's new online services, which can save residents time?",18-34,Woman,0.87,4.0,0,1,200
R0374,Benefit-framed,"How likely are you to use the council's new online services, which can save residents time?",18-34,Woman,-0.861,2.0,0,1,256
R0375,Effort-framed,"How likely are you to use the council's new online services, even if setup takes a few minutes?",55+,Woman,-1.353,1.0,0,1,145
R0376,Benefit-framed,"How likely are you to use the council's new online services, which can save residents time?",35-54,Man,0.196,2.0,0,1,293
R0377,Neutral,How likely are you to use the council's new online services?,35-54,Woman,-0.288,4.0,0,1,210
R0378,Benefit-framed,"How likely are you to use the council's new online services, which can save residents time?",35-54,Woman,0.141,3.0,0,1,195
R0379,Effort-framed,"How likely are you to use the council's new online services, even if setup takes a few minutes?",18-34,Woman,0.168,3.0,0,1,347
R0380,Neutral,How likely are you to use the council's new online services?,55+,Man,-0.224,3.0,0,1,288
R0381,Effort-framed,"How likely are you to use the council's new online services, even if setup takes a few minutes?",35-54,Man,0.182,3.0,0,1,272
R0382,Effort-framed,"How likely are you to use the council's new online services, even if setup takes a few minutes?",55+,Man,-2.35,1.0,0,1,134
R0383,Benefit-framed,"How likely are you to use the council's new online services, which can save residents time?",18-34,Woman,0.221,4.0,0,1,187
R0384,Neutral,How likely are you to use the council's new online services?,35-54,Man,0.145,3.0,0,1,198
R0385,Benefit-framed,"How likely are you to use the council's new online services, which can save residents time?",35-54,Woman,1.877,4.0,0,1,141
R0386,Effort-framed,"How likely are you to use the council's new online services, even if setup takes a few minutes?",18-34,Woman,1.184,,1,1,202
R0387,Benefit-framed,"How likely are you to use the council's new online services, which can save residents time?",55+,Woman,0.581,3.0,0,0,119
R0388,Neutral,How likely are you to use the council's new online services?,35-54,Woman,1.563,4.0,0,1,214
R0389,Effort-framed,"How likely are you to use the council's new online services, even if setup takes a few minutes?",18-34,Woman,-0.287,3.0,0,1,265
R0390,Benefit-framed,"How likely are you to use the council's new online services, which can save residents time?",18-34,Man,-0.682,3.0,0,1,94
R0391,Neutral,How likely are you to use the council's new online services?,18-34,Woman,-1.263,4.0,0,1,243
R0392,Neutral,How likely are you to use the council's new online services?,35-54,Man,0.013,1.0,0,0,103
R0393,Benefit-framed,"How likely are you to use the council's new online services, which can save residents time?",35-54,Woman,2.386,5.0,0,1,213
R0394,Effort-framed,"How likely are you to use the council's new online services, even if setup takes a few minutes?",18-34,Man,-0.719,5.0,0,1,246
R0395,Effort-framed,"How likely are you to use the council's new online services, even if setup takes a few minutes?",18-34,Man,1.479,5.0,0,0,269
R0396,Neutral,How likely are you to use the council's new online services?,35-54,Man,1.645,5.0,0,1,151
R0397,Effort-framed,"How likely are you to use the council's new online services, even if setup takes a few minutes?",55+,Man,-0.054,1.0,0,1,340
R0398,Effort-framed,"How likely are you to use the council's new online services, even if setup takes a few minutes?",55+,Man,-1.243,3.0,0,1,258
R0399,Neutral,How likely are you to use the council's new online services?,35-54,Woman,-0.07,2.0,0,1,247
R0400,Effort-framed,"How likely are you to use the council's new online services, even if setup takes a few minutes?",18-34,Woman,0.302,4.0,0,1,200
R0401,Neutral,How likely are you to use the council's new online services?,55+,Woman,-0.159,1.0,0,1,190
R0402,Effort-framed,"How likely are you to use the council's new online services, even if setup takes a few minutes?",18-34,Woman,2.198,5.0,0,1,219
R0403,Benefit-framed,"How likely are you to use the council's new online services, which can save residents time?",55+,Woman,-1.181,3.0,0,1,287
R0404,Benefit-framed,"How likely are you to use the council's new online services, which can save residents time?",35-54,Woman,-0.73,3.0,0,1,82
R0405,Effort-framed,"How likely are you to use the council's new online services, even if setup takes a few minutes?",18-34,Woman,1.828,5.0,0,1,172
R0406,Effort-framed,"How likely are you to use the council's new online services, even if setup takes a few minutes?",35-54,Woman,-0.612,,1,1,262
R0407,Neutral,How likely are you to use the council's new online services?,55+,Man,1.262,4.0,0,1,155
R0408,Effort-framed,"How likely are you to use the council's new online services, even if setup takes a few minutes?",35-54,Woman,-1.154,3.0,0,1,460
R0409,Neutral,How likely are you to use the council's new online services?,35-54,Woman,-0.222,2.0,0,1,274
R0410,Neutral,How likely are you to use the council's new online services?,35-54,Woman,0.462,5.0,0,1,173
R0411,Benefit-framed,"How likely are you to use the council's new online services, which can save residents time?",35-54,Man,0.845,5.0,0,1,139
R0412,Benefit-framed,"How likely are you to use the council's new online services, which can save residents time?",55+,Man,0.713,5.0,0,1,155
R0413,Benefit-framed,"How likely are you to use the council's new online services, which can save residents time?",35-54,Man,0.398,4.0,0,1,149
R0414,Neutral,How likely are you to use the council's new online services?,35-54,Man,-0.245,3.0,0,1,233
R0415,Effort-framed,"How likely are you to use the council's new online services, even if setup takes a few minutes?",18-34,Woman,-0.979,2.0,0,1,200
R0416,Effort-framed,"How likely are you to use the council's new online services, even if setup takes a few minutes?",55+,Man,-0.777,1.0,0,0,229
R0417,Effort-framed,"How likely are you to use the council's new online services, even if setup takes a few minutes?",35-54,Woman,0.343,3.0,0,1,232
R0418,Effort-framed,"How likely are you to use the council's new online services, even if setup takes a few minutes?",35-54,Woman,1.896,3.0,0,1,176
R0419,Effort-framed,"How likely are you to use the council's new online services, even if setup takes a few minutes?",18-34,Woman,1.656,3.0,0,1,343
R0420,Effort-framed,"How likely are you to use the council's new online services, even if setup takes a few minutes?",35-54,Woman,-0.255,3.0,0,1,226
R0421,Neutral,How likely are you to use the council's new online services?,55+,Woman,0.564,4.0,0,1,425
R0422,Effort-framed,"How likely are you to use the council's new online services, even if setup takes a few minutes?",18-34,Woman,1.104,4.0,0,1,114
R0423,Effort-framed,"How likely are you to use the council's new online services, even if setup takes a few minutes?",18-34,Man,1.294,3.0,0,0,249
R0424,Neutral,How likely are you to use the council's new online services?,55+,Man,-1.7,3.0,0,1,135
R0425,Benefit-framed,"How likely are you to use the council's new online services, which can save residents time?",55+,Woman,-0.237,,1,1,249
R0426,Neutral,How likely are you to use the council's new online services?,55+,Woman,-0.589,2.0,0,1,117
R0427,Neutral,How likely are you to use the council's new online services?,18-34,Man,0.323,5.0,0,1,351
R0428,Benefit-framed,"How likely are you to use the council's new online services, which can save residents time?",35-54,Woman,2.114,5.0,0,1,200
R0429,Neutral,How likely are you to use the council's new online services?,35-54,Man,-0.354,4.0,0,1,259
R0430,Effort-framed,"How likely are you to use the council's new online services, even if setup takes a few minutes?",35-54,Man,-0.777,3.0,0,1,408
R0431,Neutral,How likely are you to use the council's new online services?,35-54,Woman,-1.836,2.0,0,1,173
R0432,Neutral,How likely are you to use the council's new online services?,35-54,Woman,-1.344,3.0,0,1,198
R0433,Effort-framed,"How likely are you to use the council's new online services, even if setup takes a few minutes?",35-54,Man,-0.546,2.0,0,1,257
R0434,Benefit-framed,"How likely are you to use the council's new online services, which can save residents time?",35-54,Man,-0.584,2.0,0,1,161
R0435,Effort-framed,"How likely are you to use the council's new online services, even if setup takes a few minutes?",55+,Woman,0.62,5.0,0,1,203
R0436,Benefit-framed,"How likely are you to use the council's new online services, which can save residents time?",35-54,Woman,-0.13,4.0,0,1,332
R0437,Effort-framed,"How likely are you to use the council's new online services, even if setup takes a few minutes?",18-34,Woman,-2.5,1.0,0,1,216
R0438,Benefit-framed,"How likely are you to use the council's new online services, which can save residents time?",55+,Woman,-1.978,2.0,0,1,251
R0439,Effort-framed,"How likely are you to use the council's new online services, even if setup takes a few minutes?",18-34,Man,-0.757,4.0,0,1,315
R0440,Neutral,How likely are you to use the council's new online services?,35-54,Woman,-1.293,2.0,0,1,172
R0441,Neutral,How likely are you to use the council's new online services?,55+,Woman,-0.265,4.0,0,1,104
R0442,Effort-framed,"How likely are you to use the council's new online services, even if setup takes a few minutes?",55+,Woman,0.89,3.0,0,1,382
R0443,Benefit-framed,"How likely are you to use the council's new online services, which can save residents time?",35-54,Man,-1.209,3.0,0,1,199
R0444,Effort-framed,"How likely are you to use the council's new online services, even if setup takes a few minutes?",18-34,Woman,-1.057,2.0,0,1,182
R0445,Neutral,How likely are you to use the council's new online services?,55+,Woman,-0.328,2.0,0,1,224
R0446,Effort-framed,"How likely are you to use the council's new online services, even if setup takes a few minutes?",18-34,Man,0.008,5.0,0,1,159
R0447,Benefit-framed,"How likely are you to use the council's new online services, which can save residents time?",35-54,Woman,-0.794,4.0,0,1,156
R0448,Neutral,How likely are you to use the council's new online services?,55+,Man,0.028,3.0,0,1,259
R0449,Neutral,How likely are you to use the council's new online services?,35-54,Woman,1.946,5.0,0,1,290
R0450,Neutral,How likely are you to use the council's new online services?,55+,Man,-1.029,3.0,0,1,128
R0451,Benefit-framed,"How likely are you to use the council's new online services, which can save residents time?",35-54,Woman,1.375,3.0,0,1,260
R0452,Neutral,How likely are you to use the council's new online services?,18-34,Woman,-0.719,3.0,0,1,99
R0453,Effort-framed,"How likely are you to use the council's new online services, even if setup takes a few minutes?",35-54,Woman,-1.057,3.0,0,1,189
R0454,Effort-framed,"How likely are you to use the council's new online services, even if setup takes a few minutes?",35-54,Woman,-0.477,,1,1,174
R0455,Benefit-framed,"How likely are you to use the council's new online services, which can save residents time?",55+,Man,0.827,5.0,0,1,167
R0456,Neutral,How likely are you to use the council's new online services?,35-54,Woman,-0.889,4.0,0,1,228
R0457,Neutral,How likely are you to use the council's new online services?,55+,Man,-2.107,1.0,0,1,178
R0458,Effort-framed,"How likely are you to use the council's new online services, even if setup takes a few minutes?",35-54,Man,0.675,3.0,0,1,189
R0459,Effort-framed,"How likely are you to use the council's new online services, even if setup takes a few minutes?",55+,Non-binary / self-describe,-0.008,5.0,0,1,255
R0460,Effort-framed,"How likely are you to use the council's new online services, even if setup takes a few minutes?",55+,Woman,-2.5,1.0,0,1,172
R0461,Neutral,How likely are you to use the council's new online services?,18-34,Woman,0.691,4.0,0,1,215
R0462,Benefit-framed,"How likely are you to use the council's new online services, which can save residents time?",35-54,Woman,0.119,4.0,0,1,111
R0463,Benefit-framed,"How likely are you to use the council's new online services, which can save residents time?",55+,Woman,-0.982,2.0,0,1,315
R0464,Neutral,How likely are you to use the council's new online services?,35-54,Man,0.255,2.0,0,1,371
R0465,Effort-framed,"How likely are you to use the council's new online services, even if setup takes a few minutes?",55+,Woman,-1.873,1.0,0,1,189
R0466,Neutral,How likely are you to use the council's new online services?,55+,Man,0.912,5.0,0,1,289
R0467,Benefit-framed,"How likely are you to use the council's new online services, which can save residents time?",35-54,Man,1.529,2.0,0,1,174
R0468,Neutral,How likely are you to use the council's new online services?,18-34,Woman,-0.88,,1,1,243
R0469,Neutral,How likely are you to use the council's new online services?,35-54,Man,-0.469,2.0,0,1,234
R0470,Effort-framed,"How likely are you to use the council's new online services, even if setup takes a few minutes?",18-34,Man,1.049,4.0,0,1,254
R0471,Neutral,How likely are you to use the council's new online services?,18-34,Man,-1.574,2.0,0,1,305
R0472,Neutral,How likely are you to use the council's new online services?,55+,Man,-0.353,4.0,0,1,239
R0473,Neutral,How likely are you to use the council's new online services?,55+,Man,-0.315,3.0,0,1,288
R0474,Benefit-framed,"How likely are you to use the council's new online services, which can save residents time?",35-54,Non-binary / self-describe,0.431,4.0,0,1,178
R0475,Neutral,How likely are you to use the council's new online services?,18-34,Man,0.94,5.0,0,1,221
R0476,Benefit-framed,"How likely are you to use the council's new online services, which can save residents time?",35-54,Woman,0.708,5.0,0,1,134
R0477,Benefit-framed,"How likely are you to use the council's new online services, which can save residents time?",55+,Man,0.441,3.0,0,1,229
R0478,Neutral,How likely are you to use the council's new online services?,35-54,Woman,-2.5,3.0,0,1,161
R0479,Effort-framed,"How likely are you to use the council's new online services, even if setup takes a few minutes?",55+,Woman,-1.645,2.0,0,1,206
R0480,Neutral,How likely are you to use the council's new online services?,55+,Woman,0.403,4.0,0,1,146
R0481,Effort-framed,"How likely are you to use the council's new online services, even if setup takes a few minutes?",35-54,Woman,-2.259,1.0,0,0,286
R0482,Neutral,How likely are you to use the council's new online services?,55+,Man,-1.205,,1,1,155
R0483,Benefit-framed,"How likely are you to use the council's new online services, which can save residents time?",35-54,Woman,1.629,5.0,0,1,188
R0484,Effort-framed,"How likely are you to use the council's new online services, even if setup takes a few minutes?",18-34,Man,0.391,3.0,0,1,191
R0485,Effort-framed,"How likely are you to use the council's new online services, even if setup takes a few minutes?",55+,Man,-0.486,2.0,0,1,135
R0486,Neutral,How likely are you to use the council's new online services?,18-34,Man,1.503,5.0,0,1,212
R0487,Neutral,How likely are you to use the council's new online services?,18-34,Man,-0.932,3.0,0,1,288
R0488,Benefit-framed,"How likely are you to use the council's new online services, which can save residents time?",55+,Man,1.28,4.0,0,1,287
R0489,Effort-framed,"How likely are you to use the council's new online services, even if setup takes a few minutes?",18-34,Woman,1.95,2.0,0,1,321
R0490,Effort-framed,"How likely are you to use the council's new online services, even if setup takes a few minutes?",18-34,Man,0.53,1.0,0,1,146
R0491,Neutral,How likely are you to use the council's new online services?,35-54,Woman,-0.499,4.0,0,1,212
R0492,Neutral,How likely are you to use the council's new online services?,18-34,Woman,-1.458,1.0,0,1,200
R0493,Effort-framed,"How likely are you to use the council's new online services, even if setup takes a few minutes?",18-34,Woman,0.104,4.0,0,1,186
R0494,Neutral,How likely are you to use the council's new online services?,55+,Man,-1.89,2.0,0,1,267
R0495,Effort-framed,"How likely are you to use the council's new online services, even if setup takes a few minutes?",18-34,Woman,1.517,,1,1,341
R0496,Neutral,How likely are you to use the council's new online services?,35-54,Woman,0.312,4.0,0,0,322
R0497,Benefit-framed,"How likely are you to use the council's new online services, which can save residents time?",35-54,Non-binary / self-describe,0.759,4.0,0,1,357
R0498,Neutral,How likely are you to use the council's new online services?,35-54,Man,-0.371,3.0,0,1,195
R0499,Benefit-framed,"How likely are you to use the council's new online services, which can save residents time?",35-54,Man,0.659,4.0,0,1,170
R0500,Benefit-framed,"How likely are you to use the council's new online services, which can save residents time?",18-34,Woman,-1.193,3.0,0,1,248
R0501,Effort-framed,"How likely are you to use the council's new online services, even if setup takes a few minutes?",18-34,Man,1.366,3.0,0,1,563
R0502,Benefit-framed,"How likely are you to use the council's new online services, which can save residents time?",18-34,Woman,0.633,5.0,0,1,114
R0503,Effort-framed,"How likely are you to use the council's new online services, even if setup takes a few minutes?",55+,Woman,-0.537,2.0,0,1,241
R0504,Neutral,How likely are you to use the council's new online services?,35-54,Woman,-0.61,2.0,0,1,187
R0505,Neutral,How likely are you to use the council's new online services?,55+,Woman,0.909,1.0,0,1,366
R0506,Benefit-framed,"How likely are you to use the council's new online services, which can save residents time?",18-34,Man,-0.784,4.0,0,0,247
R0507,Neutral,How likely are you to use the council's new online services?,55+,Man,-0.908,,1,1,126
R0508,Benefit-framed,"How likely are you to use the council's new online services, which can save residents time?",35-54,Woman,0.505,5.0,0,1,195
R0509,Effort-framed,"How likely are you to use the council's new online services, even if setup takes a few minutes?",55+,Woman,-0.989,1.0,0,1,201
R0510,Effort-framed,"How likely are you to use the council's new online services, even if setup takes a few minutes?",18-34,Woman,0.358,4.0,0,1,302
R0511,Effort-framed,"How likely are you to use the council's new online services, even if setup takes a few minutes?",35-54,Woman,2.295,2.0,0,1,206
R0512,Effort-framed,"How likely are you to use the council's new online services, even if setup takes a few minutes?",18-34,Woman,-0.28,2.0,0,1,169
R0513,Benefit-framed,"How likely are you to use the council's new online services, which can save residents time?",55+,Man,-0.11,3.0,0,1,140
R0514,Effort-framed,"How likely are you to use the council's new online services, even if setup takes a few minutes?",35-54,Man,-0.402,2.0,0,1,173
R0515,Effort-framed,"How likely are you to use the council's new online services, even if setup takes a few minutes?",55+,Man,-1.496,3.0,0,1,190
R0516,Neutral,How likely are you to use the council's new online services?,18-34,Woman,0.801,2.0,0,1,117
R0517,Neutral,How likely are you to use the council's new online services?,55+,Man,-1.093,3.0,0,1,289
R0518,Neutral,How likely are you to use the council's new online services?,35-54,Woman,-0.25,3.0,0,1,159
R0519,Neutral,How likely are you to use the council's new online services?,35-54,Man,-1.887,1.0,0,1,102
R0520,Benefit-framed,"How likely are you to use the council's new online services, which can save residents time?",55+,Man,0.027,3.0,0,0,155
R0521,Benefit-framed,"How likely are you to use the council's new online services, which can save residents time?",55+,Woman,-0.627,4.0,0,1,264
R0522,Effort-framed,"How likely are you to use the council's new online services, even if setup takes a few minutes?",55+,Man,0.081,2.0,0,1,269
R0523,Effort-framed,"How likely are you to use the council's new online services, even if setup takes a few minutes?",55+,Man,0.129,3.0,0,1,225
R0524,Neutral,How likely are you to use the council's new online services?,35-54,Woman,-1.318,2.0,0,1,360
R0525,Neutral,How likely are you to use the council's new online services?,55+,Man,-0.111,1.0,0,1,291
R0526,Benefit-framed,"How likely are you to use the council's new online services, which can save residents time?",55+,Woman,0.593,3.0,0,1,289
R0527,Neutral,How likely are you to use the council's new online services?,35-54,Man,0.37,4.0,0,1,285
R0528,Benefit-framed,"How likely are you to use the council's new online services, which can save residents time?",55+,Man,-0.35,2.0,0,1,170
R0529,Effort-framed,"How likely are you to use the council's new online services, even if setup takes a few minutes?",55+,Woman,0.802,3.0,0,1,125
R0530,Benefit-framed,"How likely are you to use the council's new online services, which can save residents time?",55+,Man,-1.325,1.0,0,1,211
R0531,Neutral,How likely are you to use the council's new online services?,18-34,Man,-1.25,1.0,0,0,204
R0532,Benefit-framed,"How likely are you to use the council's new online services, which can save residents time?",55+,Woman,-0.303,3.0,0,1,116
R0533,Effort-framed,"How likely are you to use the council's new online services, even if setup takes a few minutes?",18-34,Man,1.019,2.0,0,1,208
R0534,Effort-framed,"How likely are you to use the council's new online services, even if setup takes a few minutes?",55+,Man,0.146,,1,1,191
R0535,Benefit-framed,"How likely are you to use the council's new online services, which can save residents time?",55+,Man,0.835,4.0,0,1,323
R0536,Neutral,How likely are you to use the council's new online services?,18-34,Woman,-0.626,2.0,0,1,358
R0537,Effort-framed,"How likely are you to use the council's new online services, even if setup takes a few minutes?",55+,Man,0.029,5.0,0,1,352
R0538,Benefit-framed,"How likely are you to use the council's new online services, which can save residents time?",55+,Man,1.722,5.0,0,1,171
R0539,Neutral,How likely are you to use the council's new online services?,55+,Woman,0.111,5.0,0,1,373
R0540,Neutral,How likely are you to use the council's new online services?,55+,Woman,-0.844,5.0,0,1,154
R0541,Effort-framed,"How likely are you to use the council's new online services, even if setup takes a few minutes?",55+,Woman,-0.193,,1,1,265
R0542,Benefit-framed,"How likely are you to use the council's new online services, which can save residents time?",18-34,Man,0.492,4.0,0,1,184
R0543,Benefit-framed,"How likely are you to use the council's new online services, which can save residents time?",18-34,Woman,1.743,4.0,0,1,209
R0544,Benefit-framed,"How likely are you to use the council's new online services, which can save residents time?",18-34,Woman,0.605,4.0,0,1,200
R0545,Benefit-framed,"How likely are you to use the council's new online services, which can save residents time?",35-54,Woman,0.631,4.0,0,1,127
R0546,Neutral,How likely are you to use the council's new online services?,35-54,Woman,0.271,3.0,0,1,238
R0547,Neutral,How likely are you to use the council's new online services?,18-34,Woman,-0.41,4.0,0,1,186
R0548,Neutral,How likely are you to use the council's new online services?,35-54,Man,-1.531,,1,1,235
R0549,Neutral,How likely are you to use the council's new online services?,35-54,Woman,0.648,4.0,0,1,298
R0550,Benefit-framed,"How likely are you to use the council's new online services, which can save residents time?",35-54,Man,0.461,5.0,0,1,377
R0551,Effort-framed,"How likely are you to use the council's new online services, even if setup takes a few minutes?",18-34,Woman,0.506,3.0,0,1,193
R0552,Benefit-framed,"How likely are you to use the council's new online services, which can save residents time?",55+,Woman,0.797,4.0,0,1,302
R0553,Neutral,How likely are you to use the council's new online services?,35-54,Woman,0.979,2.0,0,1,140
R0554,Benefit-framed,"How likely are you to use the council's new online services, which can save residents time?",35-54,Man,-0.178,3.0,0,1,217
R0555,Neutral,How likely are you to use the council's new online services?,35-54,Man,0.483,4.0,0,1,208
R0556,Effort-framed,"How likely are you to use the council's new online services, even if setup takes a few minutes?",55+,Woman,0.137,2.0,0,1,228
R0557,Effort-framed,"How likely are you to use the council's new online services, even if setup takes a few minutes?",55+,Man,-0.753,3.0,0,1,105
R0558,Neutral,How likely are you to use the council's new online services?,55+,Woman,-0.931,3.0,0,1,164
R0559,Neutral,How likely are you to use the council's new online services?,55+,Man,-1.983,1.0,0,1,184
R0560,Neutral,How likely are you to use the council's new online services?,35-54,Man,0.798,4.0,0,1,241
R0561,Benefit-framed,"How likely are you to use the council's new online services, which can save residents time?",18-34,Man,-0.021,3.0,0,1,135
R0562,Benefit-framed,"How likely are you to use the council's new online services, which can save residents time?",55+,Man,-0.085,3.0,0,1,253
R0563,Effort-framed,"How likely are you to use the council's new online services, even if setup takes a few minutes?",35-54,Woman,-0.634,4.0,0,1,140
R0564,Effort-framed,"How likely are you to use the council's new online services, even if setup takes a few minutes?",55+,Woman,1.896,2.0,0,1,222
R0565,Effort-framed,"How likely are you to use the council's new online services, even if setup takes a few minutes?",18-34,Woman,0.457,3.0,0,1,108
R0566,Benefit-framed,"How likely are you to use the council's new online services, which can save residents time?",18-34,Man,0.702,2.0,0,1,202
R0567,Effort-framed,"How likely are you to use the council's new online services, even if setup takes a few minutes?",55+,Woman,-0.105,3.0,0,1,316
R0568,Neutral,How likely are you to use the council's new online services?,18-34,Man,0.79,3.0,0,1,139
R0569,Neutral,How likely are you to use the council's new online services?,35-54,Woman,-0.692,3.0,0,1,223
R0570,Neutral,How likely are you to use the council's new online services?,35-54,Man,1.392,4.0,0,1,239
R0571,Benefit-framed,"How likely are you to use the council's new online services, which can save residents time?",18-34,Woman,0.3,4.0,0,1,242
R0572,Benefit-framed,"How likely are you to use the council's new online services, which can save residents time?",35-54,Woman,0.002,4.0,0,1,369
R0573,Effort-framed,"How likely are you to use the council's new online services, even if setup takes a few minutes?",55+,Man,0.938,2.0,0,1,390
R0574,Benefit-framed,"How likely are you to use the council's new online services, which can save residents time?",18-34,Man,-0.294,4.0,0,1,228
R0575,Benefit-framed,"How likely are you to use the council's new online services, which can save residents time?",55+,Woman,0.044,5.0,0,1,215
R0576,Effort-framed,"How likely are you to use the council's new online services, even if setup takes a few minutes?",35-54,Woman,1.129,5.0,0,1,181
R0577,Effort-framed,"How likely are you to use the council's new online services, even if setup takes a few minutes?",35-54,Man,2.092,4.0,0,1,228
R0578,Neutral,How likely are you to use the council's new online services?,35-54,Man,0.993,4.0,0,1,320
R0579,Benefit-framed,"How likely are you to use the council's new online services, which can save residents time?",55+,Woman,-1.074,3.0,0,1,190
R0580,Effort-framed,"How likely are you to use the council's new online services, even if setup takes a few minutes?",35-54,Woman,-1.305,3.0,0,1,257
R0581,Neutral,How likely are you to use the council's new online services?,55+,Man,-2.183,2.0,0,1,203
R0582,Neutral,How likely are you to use the council's new online services?,55+,Man,-0.389,3.0,0,1,194
R0583,Benefit-framed,"How likely are you to use the council's new online services, which can save residents time?",35-54,Woman,-0.413,2.0,0,1,470
R0584,Benefit-framed,"How likely are you to use the council's new online services, which can save residents time?",55+,Man,1.284,3.0,0,1,226
R0585,Benefit-framed,"How likely are you to use the council's new online services, which can save residents time?",18-34,Woman,-1.916,2.0,0,1,256
R0586,Neutral,How likely are you to use the council's new online services?,35-54,Woman,0.473,3.0,0,1,217
R0587,Neutral,How likely are you to use the council's new online services?,55+,Man,0.16,4.0,0,1,173
R0588,Effort-framed,"How likely are you to use the council's new online services, even if setup takes a few minutes?",55+,Woman,0.31,3.0,0,1,230
R0589,Effort-framed,"How likely are you to use the council's new online services, even if setup takes a few minutes?",35-54,Man,1.168,2.0,0,1,155
R0590,Effort-framed,"How likely are you to use the council's new online services, even if setup takes a few minutes?",35-54,Woman,-0.909,,1,1,286
R0591,Neutral,How likely are you to use the council's new online services?,18-34,Man,0.043,3.0,0,1,133
R0592,Neutral,How likely are you to use the council's new online services?,35-54,Man,1.097,5.0,0,1,190
R0593,Neutral,How likely are you to use the council's new online services?,18-34,Woman,1.28,3.0,0,1,193
R0594,Neutral,How likely are you to use the council's new online services?,35-54,Man,0.026,3.0,0,1,183
R0595,Benefit-framed,"How likely are you to use the council's new online services, which can save residents time?",55+,Woman,-0.388,2.0,0,1,291
R0596,Neutral,How likely are you to use the council's new online services?,18-34,Woman,-1.72,1.0,0,1,228
R0597,Effort-framed,"How likely are you to use the council's new online services, even if setup takes a few minutes?",18-34,Man,-0.395,2.0,0,1,87
R0598,Neutral,How likely are you to use the council's new online services?,35-54,Woman,-0.135,5.0,0,1,297
R0599,Effort-framed,"How likely are you to use the council's new online services, even if setup takes a few minutes?",35-54,Woman,-1.56,1.0,0,1,166
R0600,Neutral,How likely are you to use the council's new online services?,55+,Woman,-1.345,3.0,0,1,378
R0601,Benefit-framed,"How likely are you to use the council's new online services, which can save residents time?",55+,Woman,2.5,4.0,0,1,229
R0602,Neutral,How likely are you to use the council's new online services?,18-34,Man,0.278,4.0,0,1,391
R0603,Neutral,How likely are you to use the council's new online services?,18-34,Man,-1.455,,1,1,169
R0604,Benefit-framed,"How likely are you to use the council's new online services, which can save residents time?",35-54,Man,0.573,4.0,0,1,167
R0605,Neutral,How likely are you to use the council's new online services?,18-34,Man,0.715,3.0,0,1,270
R0606,Effort-framed,"How likely are you to use the council's new online services, even if setup takes a few minutes?",35-54,Woman,-0.256,3.0,0,1,142
R0607,Benefit-framed,"How likely are you to use the council's new online services, which can save residents time?",35-54,Man,0.829,4.0,0,1,144
R0608,Benefit-framed,"How likely are you to use the council's new online services, which can save residents time?",18-34,Woman,-0.975,3.0,0,1,298
R0609,Effort-framed,"How likely are you to use the council's new online services, even if setup takes a few minutes?",35-54,Man,0.232,1.0,0,1,187
R0610,Neutral,How likely are you to use the council's new online services?,35-54,Woman,0.144,1.0,0,1,220
R0611,Effort-framed,"How likely are you to use the council's new online services, even if setup takes a few minutes?",18-34,Woman,1.613,5.0,0,1,110
R0612,Effort-framed,"How likely are you to use the council's new online services, even if setup takes a few minutes?",18-34,Woman,-0.317,2.0,0,1,263
R0613,Benefit-framed,"How likely are you to use the council's new online services, which can save residents time?",18-34,Man,1.13,5.0,0,1,304
R0614,Effort-framed,"How likely are you to use the council's new online services, even if setup takes a few minutes?",35-54,Man,0.74,5.0,0,1,125
R0615,Benefit-framed,"How likely are you to use the council's new online services, which can save residents time?",55+,Man,-1.037,3.0,0,1,164
R0616,Benefit-framed,"How likely are you to use the council's new online services, which can save residents time?",35-54,Woman,-0.896,2.0,0,0,220
R0617,Effort-framed,"How likely are you to use the council's new online services, even if setup takes a few minutes?",35-54,Man,-0.128,2.0,0,1,212
R0618,Neutral,How likely are you to use the council's new online services?,55+,Man,-0.938,3.0,0,1,142
R0619,Neutral,How likely are you to use the council's new online services?,35-54,Woman,-0.462,5.0,0,1,272
R0620,Neutral,How likely are you to use the council's new online services?,55+,Woman,-0.156,3.0,0,1,168
R0621,Benefit-framed,"How likely are you to use the council's new online services, which can save residents time?",55+,Man,-0.143,3.0,0,1,273
R0622,Neutral,How likely are you to use the council's new online services?,55+,Woman,0.526,5.0,0,1,274
R0623,Benefit-framed,"How likely are you to use the council's new online services, which can save residents time?",35-54,Woman,2.298,4.0,0,1,225
R0624,Effort-framed,"How likely are you to use the council's new online services, even if setup takes a few minutes?",35-54,Woman,0.22,2.0,0,1,188
R0625,Effort-framed,"How likely are you to use the council's new online services, even if setup takes a few minutes?",18-34,Woman,-0.122,4.0,0,1,362
R0626,Neutral,How likely are you to use the council's new online services?,55+,Woman,-0.252,3.0,0,1,128
R0627,Neutral,How likely are you to use the council's new online services?,18-34,Man,0.592,4.0,0,1,213
R0628,Effort-framed,"How likely are you to use the council's new online services, even if setup takes a few minutes?",18-34,Man,1.566,2.0,0,1,198
R0629,Effort-framed,"How likely are you to use the council's new online services, even if setup takes a few minutes?",35-54,Man,0.107,3.0,0,1,214
R0630,Neutral,How likely are you to use the council's new online services?,55+,Woman,-0.953,2.0,0,1,381
R0631,Benefit-framed,"How likely are you to use the council's new online services, which can save residents time?",35-54,Man,-0.621,2.0,0,1,152
R0632,Neutral,How likely are you to use the council's new online services?,35-54,Man,0.223,4.0,0,1,295
R0633,Neutral,How likely are you to use the council's new online services?,35-54,Woman,0.361,3.0,0,1,208
R0634,Benefit-framed,"How likely are you to use the council's new online services, which can save residents time?",35-54,Woman,-2.5,2.0,0,1,247
R0635,Neutral,How likely are you to use the council's new online services?,55+,Man,-1.813,4.0,0,1,190
R0636,Benefit-framed,"How likely are you to use the council's new online services, which can save residents time?",55+,Woman,0.026,,1,1,314
R0637,Effort-framed,"How likely are you to use the council's new online services, even if setup takes a few minutes?",55+,Woman,-2.441,1.0,0,1,168
R0638,Benefit-framed,"How likely are you to use the council's new online services, which can save residents time?",55+,Man,-0.005,4.0,0,1,297
R0639,Neutral,How likely are you to use the council's new online services?,35-54,Woman,-0.184,3.0,0,1,186
R0640,Benefit-framed,"How likely are you to use the council's new online services, which can save residents time?",18-34,Man,1.079,5.0,0,1,175
R0641,Benefit-framed,"How likely are you to use the council's new online services, which can save residents time?",55+,Woman,0.809,5.0,0,0,217
R0642,Neutral,How likely are you to use the council's new online services?,18-34,Woman,-0.146,3.0,0,1,134
R0643,Effort-framed,"How likely are you to use the council's new online services, even if setup takes a few minutes?",18-34,Man,0.266,5.0,0,1,224
R0644,Effort-framed,"How likely are you to use the council's new online services, even if setup takes a few minutes?",35-54,Man,0.221,3.0,0,1,306
R0645,Neutral,How likely are you to use the council's new online services?,18-34,Woman,-0.291,3.0,0,1,198
R0646,Neutral,How likely are you to use the council's new online services?,18-34,Man,0.338,4.0,0,1,318
R0647,Benefit-framed,"How likely are you to use the council's new online services, which can save residents time?",18-34,Woman,0.142,5.0,0,1,317
R0648,Neutral,How likely are you to use the council's new online services?,55+,Man,0.937,2.0,0,1,91
R0649,Effort-framed,"How likely are you to use the council's new online services, even if setup takes a few minutes?",18-34,Woman,0.067,2.0,0,1,278
R0650,Neutral,How likely are you to use the council's new online services?,35-54,Woman,-0.402,2.0,0,1,168
R0651,Neutral,How likely are you to use the council's new online services?,18-34,Woman,-1.656,3.0,0,1,214
R0652,Neutral,How likely are you to use the council's new online services?,35-54,Man,-0.708,2.0,0,1,349
R0653,Neutral,How likely are you to use the council's new online services?,18-34,Woman,0.277,3.0,0,1,291
R0654,Benefit-framed,"How likely are you to use the council's new online services, which can save residents time?",55+,Woman,0.124,,1,1,492
R0655,Neutral,How likely are you to use the council's new online services?,55+,Woman,-0.438,4.0,0,1,249
R0656,Neutral,How likely are you to use the council's new online services?,55+,Man,-0.706,5.0,0,1,214
R0657,Effort-framed,"How likely are you to use the council's new online services, even if setup takes a few minutes?",35-54,Woman,1.841,3.0,0,1,246
R0658,Effort-framed,"How likely are you to use the council's new online services, even if setup takes a few minutes?",55+,Woman,-0.256,1.0,0,1,243
R0659,Neutral,How likely are you to use the council's new online services?,35-54,Woman,1.361,5.0,0,1,156
R0660,Effort-framed,"How likely are you to use the council's new online services, even if setup takes a few minutes?",18-34,Man,-0.707,1.0,0,1,400
R0661,Effort-framed,"How likely are you to use the council's new online services, even if setup takes a few minutes?",35-54,Woman,1.339,5.0,0,1,266
R0662,Benefit-framed,"How likely are you to use the council's new online services, which can save residents time?",35-54,Man,0.724,4.0,0,1,118
R0663,Neutral,How likely are you to use the council's new online services?,35-54,Woman,-0.223,2.0,0,1,292
R0664,Benefit-framed,"How likely are you to use the council's new online services, which can save residents time?",55+,Man,1.461,3.0,0,1,183
R0665,Benefit-framed,"How likely are you to use the council's new online services, which can save residents time?",18-34,Man,-0.247,3.0,0,1,296
R0666,Neutral,How likely are you to use the council's new online services?,35-54,Man,1.253,5.0,0,1,168
R0667,Benefit-framed,"How likely are you to use the council's new online services, which can save residents time?",35-54,Man,1.382,3.0,0,1,163
R0668,Benefit-framed,"How likely are you to use the council's new online services, which can save residents time?",35-54,Woman,-0.401,4.0,0,0,200
R0669,Neutral,How likely are you to use the council's new online services?,18-34,Man,-1.998,2.0,0,1,97
R0670,Neutral,How likely are you to use the council's new online services?,35-54,Woman,0.436,4.0,0,1,258
R0671,Benefit-framed,"How likely are you to use the council's new online services, which can save residents time?",18-34,Man,0.837,4.0,0,1,116
R0672,Effort-framed,"How likely are you to use the council's new online services, even if setup takes a few minutes?",18-34,Man,-0.403,2.0,0,1,245
R0673,Effort-framed,"How likely are you to use the council's new online services, even if setup takes a few minutes?",18-34,Man,-0.218,3.0,0,1,120
R0674,Benefit-framed,"How likely are you to use the council's new online services, which can save residents time?",35-54,Man,-1.043,4.0,0,1,304
R0675,Benefit-framed,"How likely are you to use the council's new online services, which can save residents time?",18-34,Woman,0.044,2.0,0,1,261
R0676,Effort-framed,"How likely are you to use the council's new online services, even if setup takes a few minutes?",35-54,Man,-1.475,2.0,0,1,242
R0677,Neutral,How likely are you to use the council's new online services?,35-54,Man,-0.889,3.0,0,1,155
R0678,Neutral,How likely are you to use the council's new online services?,55+,Man,-0.133,4.0,0,1,222
R0679,Effort-framed,"How likely are you to use the council's new online services, even if setup takes a few minutes?",18-34,Man,-0.308,4.0,0,1,182
R0680,Neutral,How likely are you to use the council's new online services?,55+,Man,-2.113,3.0,0,1,257
R0681,Neutral,How likely are you to use the council's new online services?,35-54,Man,1.705,5.0,0,1,151
R0682,Effort-framed,"How likely are you to use the council's new online services, even if setup takes a few minutes?",55+,Man,-0.436,4.0,0,1,297
R0683,Neutral,How likely are you to use the council's new online services?,18-34,Man,0.195,3.0,0,1,173
R0684,Benefit-framed,"How likely are you to use the council's new online services, which can save residents time?",18-34,Man,-2.074,2.0,0,1,165
R0685,Benefit-framed,"How likely are you to use the council's new online services, which can save residents time?",18-34,Woman,0.916,3.0,0,1,183
R0686,Benefit-framed,"How likely are you to use the council's new online services, which can save residents time?",55+,Woman,0.097,4.0,0,1,184
R0687,Effort-framed,"How likely are you to use the council's new online services, even if setup takes a few minutes?",55+,Man,-0.527,4.0,0,1,309
R0688,Effort-framed,"How likely are you to use the council's new online services, even if setup takes a few minutes?",18-34,Woman,0.427,2.0,0,1,255
R0689,Benefit-framed,"How likely are you to use the council's new online services, which can save residents time?",55+,Woman,-0.775,1.0,0,1,117
R0690,Benefit-framed,"How likely are you to use the council's new online services, which can save residents time?",18-34,Man,0.945,3.0,0,1,156
R0691,Effort-framed,"How likely are you to use the council's new online services, even if setup takes a few minutes?",18-34,Man,-1.445,3.0,0,0,472
R0692,Benefit-framed,"How likely are you to use the council's new online services, which can save residents time?",55+,Man,0.193,3.0,0,1,342
R0693,Benefit-framed,"How likely are you to use the council's new online services, which can save residents time?",18-34,Woman,-1.976,3.0,0,1,219
R0694,Effort-framed,"How likely are you to use the council's new online services, even if setup takes a few minutes?",55+,Man,-1.416,1.0,0,1,112
R0695,Neutral,How likely are you to use the council's new online services?,55+,Man,-0.788,1.0,0,1,153
R0696,Effort-framed,"How likely are you to use the council's new online services, even if setup takes a few minutes?",55+,Woman,-1.371,2.0,0,1,145
R0697,Benefit-framed,"How likely are you to use the council's new online services, which can save residents time?",18-34,Woman,0.158,5.0,0,1,150
R0698,Effort-framed,"How likely are you to use the council's new online services, even if setup takes a few minutes?",35-54,Man,-1.455,3.0,0,1,260
R0699,Effort-framed,"How likely are you to use the council's new online services, even if setup takes a few minutes?",55+,Man,0.357,3.0,0,0,610
R0700,Benefit-framed,"How likely are you to use the council's new online services, which can save residents time?",35-54,Woman,-0.334,4.0,0,1,159
R0701,Benefit-framed,"How likely are you to use the council's new online services, which can save residents time?",35-54,Man,0.062,2.0,0,1,214
R0702,Neutral,How likely are you to use the council's new online services?,35-54,Man,0.057,4.0,0,1,116
R0703,Benefit-framed,"How likely are you to use the council's new online services, which can save residents time?",55+,Woman,2.5,5.0,0,1,315
R0704,Effort-framed,"How likely are you to use the council's new online services, even if setup takes a few minutes?",35-54,Woman,0.269,3.0,0,1,157
R0705,Effort-framed,"How likely are you to use the council's new online services, even if setup takes a few minutes?",55+,Woman,-0.027,4.0,0,1,277
R0706,Effort-framed,"How likely are you to use the council's new online services, even if setup takes a few minutes?",55+,Woman,0.7,3.0,0,1,156
R0707,Effort-framed,"How likely are you to use the council's new online services, even if setup takes a few minutes?",18-34,Man,0.202,2.0,0,1,434
R0708,Effort-framed,"How likely are you to use the council's new online services, even if setup takes a few minutes?",35-54,Man,-0.593,3.0,0,1,173
R0709,Benefit-framed,"How likely are you to use the council's new online services, which can save residents time?",35-54,Woman,0.661,2.0,0,1,155
R0710,Neutral,How likely are you to use the council's new online services?,18-34,Woman,1.332,2.0,0,1,161
R0711,Neutral,How likely are you to use the council's new online services?,18-34,Man,-1.329,2.0,0,1,159
R0712,Benefit-framed,"How likely are you to use the council's new online services, which can save residents time?",18-34,Woman,1.345,5.0,0,1,339
R0713,Neutral,How likely are you to use the council's new online services?,18-34,Man,-0.683,5.0,0,1,289
R0714,Benefit-framed,"How likely are you to use the council's new online services, which can save residents time?",18-34,Non-binary / self-describe,0.465,5.0,0,1,236
R0715,Effort-framed,"How likely are you to use the council's new online services, even if setup takes a few minutes?",35-54,Man,-0.557,3.0,0,1,239
R0716,Benefit-framed,"How likely are you to use the council's new online services, which can save residents time?",18-34,Woman,0.247,4.0,0,1,154
R0717,Effort-framed,"How likely are you to use the council's new online services, even if setup takes a few minutes?",55+,Man,-1.344,4.0,0,1,213
R0718,Benefit-framed,"How likely are you to use the council's new online services, which can save residents time?",35-54,Man,-0.768,1.0,0,1,152
R0719,Neutral,How likely are you to use the council's new online services?,18-34,Man,-0.323,3.0,0,1,152
R0720,Neutral,How likely are you to use the council's new online services?,18-34,Woman,-0.472,2.0,0,1,114
R0721,Effort-framed,"How likely are you to use the council's new online services, even if setup takes a few minutes?",55+,Man,-1.064,1.0,0,1,307
R0722,Effort-framed,"How likely are you to use the council's new online services, even if setup takes a few minutes?",18-34,Man,1.907,4.0,0,1,326
R0723,Neutral,How likely are you to use the council's new online services?,35-54,Woman,-0.683,2.0,0,1,200
R0724,Benefit-framed,"How likely are you to use the council's new online services, which can save residents time?",35-54,Woman,-0.521,3.0,0,1,198
R0725,Effort-framed,"How likely are you to use the council's new online services, even if setup takes a few minutes?",35-54,Man,0.263,2.0,0,1,339
R0726,Effort-framed,"How likely are you to use the council's new online services, even if setup takes a few minutes?",55+,Woman,-2.219,,1,1,173
R0727,Effort-framed,"How likely are you to use the council's new online services, even if setup takes a few minutes?",35-54,Woman,0.008,3.0,0,1,295
R0728,Neutral,How likely are you to use the council's new online services?,55+,Man,-0.882,2.0,0,1,146
R0729,Effort-framed,"How likely are you to use the council's new online services, even if setup takes a few minutes?",35-54,Woman,-2.061,2.0,0,1,230
R0730,Benefit-framed,"How likely are you to use the council's new online services, which can save residents time?",35-54,Man,0.782,4.0,0,1,250
R0731,Benefit-framed,"How likely are you to use the council's new online services, which can save residents time?",18-34,Woman,-0.177,3.0,0,1,273
R0732,Neutral,How likely are you to use the council's new online services?,18-34,Woman,-0.072,4.0,0,1,184
R0733,Effort-framed,"How likely are you to use the council's new online services, even if setup takes a few minutes?",18-34,Woman,0.401,1.0,0,0,318
R0734,Neutral,How likely are you to use the council's new online services?,35-54,Man,-0.002,4.0,0,1,279
R0735,Effort-framed,"How likely are you to use the council's new online services, even if setup takes a few minutes?",35-54,Man,-0.225,3.0,0,1,271
R0736,Neutral,How likely are you to use the council's new online services?,35-54,Woman,1.282,5.0,0,1,268
R0737,Neutral,How likely are you to use the council's new online services?,18-34,Man,0.935,,1,1,216
R0738,Benefit-framed,"How likely are you to use the council's new online services, which can save residents time?",18-34,Man,-0.713,3.0,0,1,133
R0739,Benefit-framed,"How likely are you to use the council's new online services, which can save residents time?",35-54,Man,1.492,4.0,0,1,274
R0740,Benefit-framed,"How likely are you to use the council's new online services, which can save residents time?",55+,Woman,-0.652,4.0,0,1,236
R0741,Benefit-framed,"How likely are you to use the council's new online services, which can save residents time?",55+,Man,0.464,5.0,0,1,277
R0742,Effort-framed,"How likely are you to use the council's new online services, even if setup takes a few minutes?",18-34,Man,0.238,2.0,0,1,155
R0743,Neutral,How likely are you to use the council's new online services?,18-34,Woman,-2.5,3.0,0,1,243
R0744,Benefit-framed,"How likely are you to use the council's new online services, which can save residents time?",18-34,Woman,0.792,5.0,0,1,292
R0745,Neutral,How likely are you to use the council's new online services?,55+,Woman,1.236,4.0,0,1,349
R0746,Benefit-framed,"How likely are you to use the council's new online services, which can save residents time?",18-34,Woman,0.18,3.0,0,1,179
R0747,Effort-framed,"How likely are you to use the council's new online services, even if setup takes a few minutes?",35-54,Woman,0.207,2.0,0,1,183
R0748,Benefit-framed,"How likely are you to use the council's new online services, which can save residents time?",55+,Man,0.444,1.0,0,1,349
R0749,Neutral,How likely are you to use the council's new online services?,55+,Man,1.013,1.0,0,1,256
R0750,Effort-framed,"How likely are you to use the council's new online services, even if setup takes a few minutes?",55+,Woman,-0.544,3.0,0,1,310
R0751,Effort-framed,"How likely are you to use the council's new online services, even if setup takes a few minutes?",55+,Woman,-0.224,4.0,0,1,344
R0752,Benefit-framed,"How likely are you to use the council's new online services, which can save residents time?",35-54,Man,0.274,4.0,0,1,204
R0753,Benefit-framed,"How likely are you to use the council's new online services, which can save residents time?",55+,Man,-0.188,1.0,0,1,94
R0754,Benefit-framed,"How likely are you to use the council's new online services, which can save residents time?",55+,Woman,0.519,,1,1,193
R0755,Effort-framed,"How likely are you to use the council's new online services, even if setup takes a few minutes?",18-34,Woman,-0.629,2.0,0,1,112
R0756,Effort-framed,"How likely are you to use the council's new online services, even if setup takes a few minutes?",35-54,Woman,-1.392,3.0,0,0,218
R0757,Effort-framed,"How likely are you to use the council's new online services, even if setup takes a few minutes?",55+,Man,0.496,,1,1,185
R0758,Neutral,How likely are you to use the council's new online services?,18-34,Man,-0.608,3.0,0,1,360
R0759,Benefit-framed,"How likely are you to use the council's new online services, which can save residents time?",18-34,Woman,0.542,4.0,0,1,281
R0760,Effort-framed,"How likely are you to use the council's new online services, even if setup takes a few minutes?",18-34,Woman,-1.569,1.0,0,1,187
R0761,Neutral,How likely are you to use the council's new online services?,18-34,Man,-0.874,1.0,0,1,143
R0762,Effort-framed,"How likely are you to use the council's new online services, even if setup takes a few minutes?",55+,Woman,-1.668,1.0,0,1,175
R0763,Neutral,How likely are you to use the council's new online services?,55+,Woman,-0.436,1.0,0,1,167
R0764,Neutral,How likely are you to use the council's new online services?,55+,Man,-0.255,3.0,0,1,204
R0765,Benefit-framed,"How likely are you to use the council's new online services, which can save residents time?",18-34,Woman,0.086,3.0,0,1,254
R0766,Neutral,How likely are you to use the council's new online services?,55+,Non-binary / self-describe,0.031,4.0,0,1,268
R0767,Effort-framed,"How likely are you to use the council's new online services, even if setup takes a few minutes?",18-34,Man,0.155,3.0,0,1,254
R0768,Neutral,How likely are you to use the council's new online services?,18-34,Man,-1.154,1.0,0,1,188
R0769,Neutral,How likely are you to use the council's new online services?,55+,Man,0.592,4.0,0,1,96
R0770,Neutral,How likely are you to use the council's new online services?,18-34,Woman,-0.105,1.0,0,1,108
R0771,Benefit-framed,"How likely are you to use the council's new online services, which can save residents time?",55+,Man,-0.453,5.0,0,1,145
R0772,Neutral,How likely are you to use the council's new online services?,35-54,Man,0.101,3.0,0,1,169
R0773,Benefit-framed,"How likely are you to use the council's new online services, which can save residents time?",55+,Man,-1.725,3.0,0,1,138
R0774,Neutral,How likely are you to use the council's new online services?,18-34,Man,0.719,5.0,0,1,180
R0775,Effort-framed,"How likely are you to use the council's new online services, even if setup takes a few minutes?",35-54,Man,1.544,3.0,0,1,192
R0776,Effort-framed,"How likely are you to use the council's new online services, even if setup takes a few minutes?",55+,Woman,-0.776,2.0,0,1,215
R0777,Benefit-framed,"How likely are you to use the council's new online services, which can save residents time?",55+,Woman,-1.434,1.0,0,1,161
R0778,Effort-framed,"How likely are you to use the council's new online services, even if setup takes a few minutes?",35-54,Man,-1.527,1.0,0,1,216
R0779,Benefit-framed,"How likely are you to use the council's new online services, which can save residents time?",35-54,Woman,-1.824,3.0,0,1,132
R0780,Effort-framed,"How likely are you to use the council's new online services, even if setup takes a few minutes?",18-34,Man,-1.05,1.0,0,1,202
R0781,Benefit-framed,"How likely are you to use the council's new online services, which can save residents time?",18-34,Man,1.5,4.0,0,1,207
R0782,Effort-framed,"How likely are you to use the council's new online services, even if setup takes a few minutes?",55+,Woman,1.762,3.0,0,1,186
R0783,Benefit-framed,"How likely are you to use the council's new online services, which can save residents time?",35-54,Man,0.151,3.0,0,1,148
R0784,Benefit-framed,"How likely are you to use the council's new online services, which can save residents time?",55+,Man,-0.656,,1,1,198
R0785,Effort-framed,"How likely are you to use the council's new online services, even if setup takes a few minutes?",55+,Man,-2.194,2.0,0,1,305
R0786,Neutral,How likely are you to use the council's new online services?,18-34,Man,0.288,4.0,0,1,242
R0787,Neutral,How likely are you to use the council's new online services?,18-34,Woman,0.661,3.0,0,1,344
R0788,Neutral,How likely are you to use the council's new online services?,18-34,Man,1.44,4.0,0,1,233
R0789,Neutral,How likely are you to use the council's new online services?,55+,Woman,-1.918,4.0,0,1,199
R0790,Benefit-framed,"How likely are you to use the council's new online services, which can save residents time?",55+,Woman,-0.891,3.0,0,1,293
R0791,Effort-framed,"How likely are you to use the council's new online services, even if setup takes a few minutes?",18-34,Woman,-0.074,1.0,0,1,276
R0792,Neutral,How likely are you to use the council's new online services?,18-34,Man,-0.307,3.0,0,1,142
R0793,Benefit-framed,"How likely are you to use the council's new online services, which can save residents time?",35-54,Man,1.555,4.0,0,1,220
R0794,Neutral,How likely are you to use the council's new online services?,35-54,Woman,0.141,4.0,0,1,226
R0795,Effort-framed,"How likely are you to use the council's new online services, even if setup takes a few minutes?",35-54,Man,-0.74,,1,1,265
R0796,Neutral,How likely are you to use the council's new online services?,35-54,Man,-1.759,1.0,0,1,136
R0797,Effort-framed,"How likely are you to use the council's new online services, even if setup takes a few minutes?",55+,Man,-2.5,1.0,0,1,156
R0798,Neutral,How likely are you to use the council's new online services?,18-34,Woman,0.858,3.0,0,1,233
R0799,Effort-framed,"How likely are you to use the council's new online services, even if setup takes a few minutes?",35-54,Man,1.504,4.0,0,1,182
R0800,Effort-framed,"How likely are you to use the council's new online services, even if setup takes a few minutes?",35-54,Woman,0.445,3.0,0,1,106
R0801,Effort-framed,"How likely are you to use the council's new online services, even if setup takes a few minutes?",18-34,Man,0.839,3.0,0,1,166
R0802,Neutral,How likely are you to use the council's new online services?,55+,Woman,-1.108,3.0,0,1,232
R0803,Effort-framed,"How likely are you to use the council's new online services, even if setup takes a few minutes?",55+,Woman,-0.138,2.0,0,1,206
R0804,Neutral,How likely are you to use the council's new online services?,18-34,Woman,1.645,4.0,0,1,182
R0805,Neutral,How likely are you to use the council's new online services?,55+,Man,-0.557,4.0,0,1,236
R0806,Effort-framed,"How likely are you to use the council's new online services, even if setup takes a few minutes?",35-54,Woman,0.026,4.0,0,0,286
R0807,Effort-framed,"How likely are you to use the council's new online services, even if setup takes a few minutes?",35-54,Woman,1.125,4.0,0,1,254
R0808,Benefit-framed,"How likely are you to use the council's new online services, which can save residents time?",55+,Man,-2.5,3.0,0,1,193
R0809,Effort-framed,"How likely are you to use the council's new online services, even if setup takes a few minutes?",55+,Woman,0.738,4.0,0,0,257
R0810,Effort-framed,"How likely are you to use the council's new online services, even if setup takes a few minutes?",35-54,Man,1.703,4.0,0,1,183
R0811,Effort-framed,"How likely are you to use the council's new online services, even if setup takes a few minutes?",35-54,Woman,-0.019,5.0,0,1,161
R0812,Neutral,How likely are you to use the council's new online services?,18-34,Man,0.356,4.0,0,1,182
R0813,Neutral,How likely are you to use the council's new online services?,55+,Woman,-1.492,4.0,0,1,281
R0814,Neutral,How likely are you to use the council's new online services?,18-34,Woman,0.684,3.0,0,1,183
R0815,Benefit-framed,"How likely are you to use the council's new online services, which can save residents time?",18-34,Woman,0.147,2.0,0,1,242
R0816,Effort-framed,"How likely are you to use the council's new online services, even if setup takes a few minutes?",35-54,Woman,1.561,,1,0,277
R0817,Effort-framed,"How likely are you to use the council's new online services, even if setup takes a few minutes?",55+,Man,-1.887,1.0,0,1,368
R0818,Effort-framed,"How likely are you to use the council's new online services, even if setup takes a few minutes?",35-54,Woman,-0.134,3.0,0,1,309
R0819,Benefit-framed,"How likely are you to use the council's new online services, which can save residents time?",55+,Man,1.1,5.0,0,1,262
R0820,Benefit-framed,"How likely are you to use the council's new online services, which can save residents time?",35-54,Man,-0.034,4.0,0,1,141
R0821,Benefit-framed,"How likely are you to use the council's new online services, which can save residents time?",55+,Man,-1.056,1.0,0,1,362
R0822,Effort-framed,"How likely are you to use the council's new online services, even if setup takes a few minutes?",55+,Woman,0.5,2.0,0,1,303
R0823,Neutral,How likely are you to use the council's new online services?,55+,Man,0.924,2.0,0,1,183
R0824,Neutral,How likely are you to use the council's new online services?,18-34,Woman,0.19,4.0,0,1,309
R0825,Effort-framed,"How likely are you to use the council's new online services, even if setup takes a few minutes?",18-34,Woman,1.031,3.0,0,1,280
R0826,Effort-framed,"How likely are you to use the council's new online services, even if setup takes a few minutes?",35-54,Woman,-0.658,4.0,0,1,228
R0827,Neutral,How likely are you to use the council's new online services?,35-54,Woman,1.148,4.0,0,0,245
R0828,Benefit-framed,"How likely are you to use the council's new online services, which can save residents time?",18-34,Man,0.505,4.0,0,1,307
R0829,Effort-framed,"How likely are you to use the council's new online services, even if setup takes a few minutes?",18-34,Woman,-0.471,2.0,0,1,147
R0830,Effort-framed,"How likely are you to use the council's new online services, even if setup takes a few minutes?",18-34,Woman,-0.509,3.0,0,1,126
R0831,Effort-framed,"How likely are you to use the council's new online services, even if setup takes a few minutes?",35-54,Woman,1.117,5.0,0,1,279
R0832,Benefit-framed,"How likely are you to use the council's new online services, which can save residents time?",35-54,Man,-1.511,3.0,0,1,202
R0833,Effort-framed,"How likely are you to use the council's new online services, even if setup takes a few minutes?",35-54,Woman,-0.248,3.0,0,1,274
R0834,Neutral,How likely are you to use the council's new online services?,55+,Woman,-1.001,3.0,0,1,189
R0835,Effort-framed,"How likely are you to use the council's new online services, even if setup takes a few minutes?",18-34,Man,0.029,5.0,0,1,244
R0836,Benefit-framed,"How likely are you to use the council's new online services, which can save residents time?",35-54,Woman,-0.799,4.0,0,1,95
R0837,Effort-framed,"How likely are you to use the council's new online services, even if setup takes a few minutes?",18-34,Man,1.475,5.0,0,1,308
R0838,Benefit-framed,"How likely are you to use the council's new online services, which can save residents time?",35-54,Man,1.397,4.0,0,1,261
R0839,Effort-framed,"How likely are you to use the council's new online services, even if setup takes a few minutes?",55+,Woman,-0.554,3.0,0,1,396
R0840,Benefit-framed,"How likely are you to use the council's new online services, which can save residents time?",18-34,Woman,1.078,3.0,0,1,204
R0841,Effort-framed,"How likely are you to use the council's new online services, even if setup takes a few minutes?",55+,Man,0.063,4.0,0,0,221
R0842,Effort-framed,"How likely are you to use the council's new online services, even if setup takes a few minutes?",55+,Man,-1.54,2.0,0,1,220
R0843,Neutral,How likely are you to use the council's new online services?,55+,Man,-1.973,1.0,0,1,313
R0844,Neutral,How likely are you to use the council's new online services?,55+,Woman,-0.801,3.0,0,1,209
R0845,Neutral,How likely are you to use the council's new online services?,35-54,Woman,0.213,4.0,0,1,245
R0846,Benefit-framed,"How likely are you to use the council's new online services, which can save residents time?",35-54,Woman,-1.392,4.0,0,1,266
R0847,Benefit-framed,"How likely are you to use the council's new online services, which can save residents time?",55+,Woman,1.29,3.0,0,1,113
R0848,Neutral,How likely are you to use the council's new online services?,55+,Man,0.098,2.0,0,1,159
R0849,Neutral,How likely are you to use the council's new online services?,35-54,Man,-0.31,4.0,0,1,191
R0850,Benefit-framed,"How likely are you to use the council's new online services, which can save residents time?",18-34,Man,0.099,4.0,0,1,228
R0851,Benefit-framed,"How likely are you to use the council's new online services, which can save residents time?",18-34,Man,0.371,4.0,0,1,225
R0852,Benefit-framed,"How likely are you to use the council's new online services, which can save residents time?",55+,Man,-0.099,5.0,0,1,196
R0853,Effort-framed,"How likely are you to use the council's new online services, even if setup takes a few minutes?",55+,Man,-1.498,2.0,0,1,213
R0854,Effort-framed,"How likely are you to use the council's new online services, even if setup takes a few minutes?",55+,Woman,-0.304,2.0,0,1,191
R0855,Effort-framed,"How likely are you to use the council's new online services, even if setup takes a few minutes?",35-54,Man,-0.661,2.0,0,1,176
R0856,Effort-framed,"How likely are you to use the council's new online services, even if setup takes a few minutes?",55+,Man,-0.924,1.0,0,1,137
R0857,Benefit-framed,"How likely are you to use the council's new online services, which can save residents time?",18-34,Woman,0.784,3.0,0,1,251
R0858,Neutral,How likely are you to use the council's new online services?,35-54,Man,-2.5,1.0,0,1,292
R0859,Benefit-framed,"How likely are you to use the council's new online services, which can save residents time?",18-34,Man,0.864,4.0,0,1,161
R0860,Benefit-framed,"How likely are you to use the council's new online services, which can save residents time?",35-54,Woman,0.488,2.0,0,1,297
R0861,Neutral,How likely are you to use the council's new online services?,18-34,Man,0.517,,1,1,220
R0862,Effort-framed,"How likely are you to use the council's new online services, even if setup takes a few minutes?",55+,Man,0.415,3.0,0,1,210
R0863,Neutral,How likely are you to use the council's new online services?,18-34,Man,1.5,3.0,0,1,265
R0864,Benefit-framed,"How likely are you to use the council's new online services, which can save residents time?",18-34,Woman,1.728,5.0,0,1,256
R0865,Effort-framed,"How likely are you to use the council's new online services, even if setup takes a few minutes?",35-54,Woman,0.684,3.0,0,1,200
R0866,Neutral,How likely are you to use the council's new online services?,35-54,Man,-0.991,2.0,0,1,206
R0867,Benefit-framed,"How likely are you to use the council's new online services, which can save residents time?",18-34,Man,-0.634,4.0,0,1,253
R0868,Benefit-framed,"How likely are you to use the council's new online services, which can save residents time?",55+,Man,0.926,3.0,0,1,166
R0869,Neutral,How likely are you to use the council's new online services?,18-34,Man,0.618,3.0,0,1,258
R0870,Effort-framed,"How likely are you to use the council's new online services, even if setup takes a few minutes?",55+,Man,-1.676,1.0,0,1,321
R0871,Effort-framed,"How likely are you to use the council's new online services, even if setup takes a few minutes?",35-54,Man,0.736,4.0,0,1,176
R0872,Benefit-framed,"How likely are you to use the council's new online services, which can save residents time?",35-54,Man,1.703,1.0,0,1,351
R0873,Benefit-framed,"How likely are you to use the council's new online services, which can save residents time?",18-34,Man,2.058,5.0,0,1,203
R0874,Effort-framed,"How likely are you to use the council's new online services, even if setup takes a few minutes?",55+,Woman,-1.296,,1,1,117
R0875,Benefit-framed,"How likely are you to use the council's new online services, which can save residents time?",18-34,Woman,-0.432,3.0,0,1,221
R0876,Effort-framed,"How likely are you to use the council's new online services, even if setup takes a few minutes?",55+,Woman,-2.225,4.0,0,1,305
R0877,Neutral,How likely are you to use the council's new online services?,18-34,Woman,0.322,3.0,0,1,209
R0878,Benefit-framed,"How likely are you to use the council's new online services, which can save residents time?",35-54,Woman,-1.39,4.0,0,1,340
R0879,Benefit-framed,"How likely are you to use the council's new online services, which can save residents time?",55+,Man,0.064,3.0,0,1,209
R0880,Effort-framed,"How likely are you to use the council's new online services, even if setup takes a few minutes?",18-34,Man,-0.057,1.0,0,1,201
R0881,Benefit-framed,"How likely are you to use the council's new online services, which can save residents time?",55+,Woman,-0.655,2.0,0,1,190
R0882,Effort-framed,"How likely are you to use the council's new online services, even if setup takes a few minutes?",35-54,Woman,-0.119,2.0,0,1,277
R0883,Effort-framed,"How likely are you to use the council's new online services, even if setup takes a few minutes?",35-54,Woman,-0.253,3.0,0,1,205
R0884,Benefit-framed,"How likely are you to use the council's new online services, which can save residents time?",18-34,Man,1.134,4.0,0,0,132
R0885,Effort-framed,"How likely are you to use the council's new online services, even if setup takes a few minutes?",35-54,Woman,0.5,1.0,0,1,199
R0886,Benefit-framed,"How likely are you to use the council's new online services, which can save residents time?",18-34,Man,1.41,5.0,0,1,363
R0887,Effort-framed,"How likely are you to use the council's new online services, even if setup takes a few minutes?",35-54,Woman,0.002,3.0,0,1,257
R0888,Benefit-framed,"How likely are you to use the council's new online services, which can save residents time?",35-54,Woman,-0.635,3.0,0,1,207
R0889,Effort-framed,"How likely are you to use the council's new online services, even if setup takes a few minutes?",18-34,Man,-1.001,3.0,0,1,371
R0890,Benefit-framed,"How likely are you to use the council's new online services, which can save residents time?",18-34,Woman,0.057,5.0,0,1,134
R0891,Effort-framed,"How likely are you to use the council's new online services, even if setup takes a few minutes?",35-54,Woman,0.272,4.0,0,1,522
R0892,Benefit-framed,"How likely are you to use the council's new online services, which can save residents time?",55+,Woman,-1.032,4.0,0,1,137
R0893,Neutral,How likely are you to use the council's new online services?,35-54,Woman,0.49,3.0,0,1,128
R0894,Effort-framed,"How likely are you to use the council's new online services, even if setup takes a few minutes?",35-54,Woman,0.29,2.0,0,0,140
R0895,Benefit-framed,"How likely are you to use the council's new online services, which can save residents time?",35-54,Woman,-0.349,1.0,0,1,197
R0896,Neutral,How likely are you to use the council's new online services?,55+,Woman,-1.334,4.0,0,1,221
R0897,Benefit-framed,"How likely are you to use the council's new online services, which can save residents time?",55+,Woman,2.359,4.0,0,1,221
R0898,Neutral,How likely are you to use the council's new online services?,18-34,Woman,-0.762,2.0,0,1,236
R0899,Effort-framed,"How likely are you to use the council's new online services, even if setup takes a few minutes?",35-54,Woman,-0.244,3.0,0,1,290
R0900,Benefit-framed,"How likely are you to use the council's new online services, which can save residents time?",35-54,Man,-1.055,3.0,0,1,341
R0901,Effort-framed,"How likely are you to use the council's new online services, even if setup takes a few minutes?",35-54,Man,0.042,4.0,0,1,315
R0902,Effort-framed,"How likely are you to use the council's new online services, even if setup takes a few minutes?",35-54,Woman,-0.233,1.0,0,1,343
R0903,Effort-framed,"How likely are you to use the council's new online services, even if setup takes a few minutes?",35-54,Woman,2.009,5.0,0,1,243
R0904,Benefit-framed,"How likely are you to use the council's new online services, which can save residents time?",55+,Woman,-0.022,,1,1,382
R0905,Neutral,How likely are you to use the council's new online services?,55+,Man,-0.201,4.0,0,1,250
R0906,Neutral,How likely are you to use the council's new online services?,55+,Woman,0.169,4.0,0,1,301
R0907,Neutral,How likely are you to use the council's new online services?,35-54,Woman,1.414,3.0,0,1,94
R0908,Benefit-framed,"How likely are you to use the council's new online services, which can save residents time?",35-54,Man,-0.96,2.0,0,1,135
R0909,Effort-framed,"How likely are you to use the council's new online services, even if setup takes a few minutes?",35-54,Man,0.235,4.0,0,1,173
R0910,Benefit-framed,"How likely are you to use the council's new online services, which can save residents time?",55+,Man,-2.311,1.0,0,1,298
R0911,Effort-framed,"How likely are you to use the council's new online services, even if setup takes a few minutes?",18-34,Woman,-0.38,4.0,0,1,292
R0912,Benefit-framed,"How likely are you to use the council's new online services, which can save residents time?",18-34,Man,-0.491,3.0,0,1,124
R0913,Benefit-framed,"How likely are you to use the council's new online services, which can save residents time?",35-54,Man,1.097,5.0,0,1,155
R0914,Effort-framed,"How likely are you to use the council's new online services, even if setup takes a few minutes?",55+,Man,-1.372,1.0,0,0,288
R0915,Effort-framed,"How likely are you to use the council's new online services, even if setup takes a few minutes?",18-34,Woman,-0.412,3.0,0,1,204
R0916,Benefit-framed,"How likely are you to use the council's new online services, which can save residents time?",18-34,Woman,-0.885,3.0,0,1,333
R0917,Benefit-framed,"How likely are you to use the council's new online services, which can save residents time?",35-54,Man,-0.994,2.0,0,1,183
R0918,Benefit-framed,"How likely are you to use the council's new online services, which can save residents time?",35-54,Woman,-0.252,3.0,0,1,213
R0919,Benefit-framed,"How likely are you to use the council's new online services, which can save residents time?",55+,Woman,-0.494,2.0,0,1,145
R0920,Neutral,How likely are you to use the council's new online services?,18-34,Man,0.972,4.0,0,1,248
R0921,Neutral,How likely are you to use the council's new online services?,18-34,Woman,-0.836,,1,1,263
R0922,Effort-framed,"How likely are you to use the council's new online services, even if setup takes a few minutes?",55+,Man,0.006,3.0,0,1,228
R0923,Neutral,How likely are you to use the council's new online services?,35-54,Man,-0.144,3.0,0,1,104
R0924,Benefit-framed,"How likely are you to use the council's new online services, which can save residents time?",55+,Woman,-1.704,2.0,0,1,175
R0925,Benefit-framed,"How likely are you to use the council's new online services, which can save residents time?",18-34,Woman,2.03,5.0,0,1,103
R0926,Neutral,How likely are you to use the council's new online services?,18-34,Woman,0.011,4.0,0,1,193
R0927,Benefit-framed,"How likely are you to use the council's new online services, which can save residents time?",18-34,Woman,-0.143,3.0,0,1,160
R0928,Benefit-framed,"How likely are you to use the council's new online services, which can save residents time?",55+,Woman,-0.351,2.0,0,1,289
R0929,Benefit-framed,"How likely are you to use the council's new online services, which can save residents time?",35-54,Non-binary / self-describe,-1.866,2.0,0,1,368
R0930,Benefit-framed,"How likely are you to use the council's new online services, which can save residents time?",55+,Man,-1.741,2.0,0,1,128
R0931,Effort-framed,"How likely are you to use the council's new online services, even if setup takes a few minutes?",18-34,Woman,-0.344,2.0,0,1,150
R0932,Neutral,How likely are you to use the council's new online services?,55+,Woman,-0.232,1.0,0,1,227
R0933,Effort-framed,"How likely are you to use the council's new online services, even if setup takes a few minutes?",35-54,Woman,-0.323,3.0,0,1,228
R0934,Neutral,How likely are you to use the council's new online services?,55+,Man,-0.62,4.0,0,1,243
R0935,Effort-framed,"How likely are you to use the council's new online services, even if setup takes a few minutes?",18-34,Woman,-1.387,1.0,0,1,198
R0936,Neutral,How likely are you to use the council's new online services?,55+,Man,-0.55,,1,1,212
R0937,Neutral,How likely are you to use the council's new online services?,18-34,Man,2.5,4.0,0,1,568
R0938,Neutral,How likely are you to use the council's new online services?,18-34,Woman,0.824,2.0,0,1,123
R0939,Effort-framed,"How likely are you to use the council's new online services, even if setup takes a few minutes?",18-34,Woman,-0.183,2.0,0,1,235
R0940,Benefit-framed,"How likely are you to use the council's new online services, which can save residents time?",55+,Woman,1.067,5.0,0,1,138
R0941,Effort-framed,"How likely are you to use the council's new online services, even if setup takes a few minutes?",55+,Man,-1.766,1.0,0,1,242
R0942,Neutral,How likely are you to use the council's new online services?,35-54,Woman,-0.527,1.0,0,1,193
R0943,Benefit-framed,"How likely are you to use the council's new online services, which can save residents time?",35-54,Woman,-0.795,4.0,0,1,401
R0944,Benefit-framed,"How likely are you to use the council's new online services, which can save residents time?",55+,Non-binary / self-describe,-0.348,2.0,0,1,254
R0945,Neutral,How likely are you to use the council's new online services?,35-54,Man,1.541,3.0,0,1,160
R0946,Benefit-framed,"How likely are you to use the council's new online services, which can save residents time?",35-54,Woman,1.367,2.0,0,1,122
R0947,Neutral,How likely are you to use the council's new online services?,18-34,Woman,0.82,4.0,0,1,227
R0948,Benefit-framed,"How likely are you to use the council's new online services, which can save residents time?",35-54,Woman,1.18,4.0,0,1,78
R0949,Effort-framed,"How likely are you to use the council's new online services, even if setup takes a few minutes?",18-34,Woman,0.648,5.0,0,1,164
R0950,Neutral,How likely are you to use the council's new online services?,35-54,Man,1.552,4.0,0,1,164
R0951,Effort-framed,"How likely are you to use the council's new online services, even if setup takes a few minutes?",55+,Woman,-0.647,3.0,0,1,356
R0952,Effort-framed,"How likely are you to use the council's new online services, even if setup takes a few minutes?",35-54,Man,-1.277,2.0,0,1,193
R0953,Effort-framed,"How likely are you to use the council's new online services, even if setup takes a few minutes?",35-54,Woman,-1.097,3.0,0,0,162
R0954,Benefit-framed,"How likely are you to use the council's new online services, which can save residents time?",55+,Woman,-1.502,3.0,0,1,189
R0955,Neutral,How likely are you to use the council's new online services?,55+,Woman,-0.229,4.0,0,1,115
R0956,Effort-framed,"How likely are you to use the council's new online services, even if setup takes a few minutes?",18-34,Man,1.49,5.0,0,1,250
R0957,Effort-framed,"How likely are you to use the council's new online services, even if setup takes a few minutes?",35-54,Man,-1.364,2.0,0,0,307
R0958,Effort-framed,"How likely are you to use the council's new online services, even if setup takes a few minutes?",55+,Woman,-0.825,3.0,0,1,220
R0959,Benefit-framed,"How likely are you to use the council's new online services, which can save residents time?",35-54,Man,1.136,4.0,0,1,159
R0960,Benefit-framed,"How likely are you to use the council's new online services, which can save residents time?",35-54,Woman,1.286,5.0,0,1,138
R0961,Neutral,How likely are you to use the council's new online services?,18-34,Man,-1.313,3.0,0,1,517
R0962,Benefit-framed,"How likely are you to use the council's new online services, which can save residents time?",35-54,Man,-1.044,4.0,0,1,307
R0963,Neutral,How likely are you to use the council's new online services?,18-34,Man,0.088,5.0,0,1,220
R0964,Effort-framed,"How likely are you to use the council's new online services, even if setup takes a few minutes?",35-54,Woman,0.098,3.0,0,1,180
R0965,Neutral,How likely are you to use the council's new online services?,55+,Man,-0.283,2.0,0,1,197
R0966,Neutral,How likely are you to use the council's new online services?,35-54,Woman,0.472,4.0,0,1,246
R0967,Benefit-framed,"How likely are you to use the council's new online services, which can save residents time?",35-54,Man,1.284,5.0,0,1,270
R0968,Benefit-framed,"How likely are you to use the council's new online services, which can save residents time?",35-54,Man,-0.376,4.0,0,1,198
R0969,Benefit-framed,"How likely are you to use the council's new online services, which can save residents time?",18-34,Woman,-1.339,4.0,0,1,192
R0970,Neutral,How likely are you to use the council's new online services?,35-54,Woman,0.74,2.0,0,1,139
R0971,Effort-framed,"How likely are you to use the council's new online services, even if setup takes a few minutes?",35-54,Woman,-1.35,1.0,0,1,198
R0972,Effort-framed,"How likely are you to use the council's new online services, even if setup takes a few minutes?",55+,Woman,0.286,3.0,0,1,179
R0973,Benefit-framed,"How likely are you to use the council's new online services, which can save residents time?",35-54,Woman,-1.146,3.0,0,1,173
R0974,Effort-framed,"How likely are you to use the council's new online services, even if setup takes a few minutes?",35-54,Woman,1.559,4.0,0,1,222
R0975,Benefit-framed,"How likely are you to use the council's new online services, which can save residents time?",18-34,Man,-0.655,3.0,0,1,224
R0976,Neutral,How likely are you to use the council's new online services?,55+,Woman,-0.85,2.0,0,1,234
R0977,Effort-framed,"How likely are you to use the council's new online services, even if setup takes a few minutes?",18-34,Man,-0.284,3.0,0,0,239
R0978,Effort-framed,"How likely are you to use the council's new online services, even if setup takes a few minutes?",35-54,Man,0.764,5.0,0,1,221
R0979,Benefit-framed,"How likely are you to use the council's new online services, which can save residents time?",35-54,Man,0.329,4.0,0,1,158
R0980,Benefit-framed,"How likely are you to use the council's new online services, which can save residents time?",55+,Woman,0.854,3.0,0,1,204
R0981,Effort-framed,"How likely are you to use the council's new online services, even if setup takes a few minutes?",18-34,Woman,1.198,5.0,0,1,173
R0982,Effort-framed,"How likely are you to use the council's new online services, even if setup takes a few minutes?",18-34,Man,-0.206,1.0,0,1,244
R0983,Neutral,How likely are you to use the council's new online services?,18-34,Woman,1.427,3.0,0,1,192
R0984,Effort-framed,"How likely are you to use the council's new online services, even if setup takes a few minutes?",55+,Woman,-0.112,2.0,0,1,256
R0985,Effort-framed,"How likely are you to use the council's new online services, even if setup takes a few minutes?",35-54,Woman,0.069,4.0,0,1,190
R0986,Neutral,How likely are you to use the council's new online services?,35-54,Woman,-1.877,1.0,0,1,172
R0987,Benefit-framed,"How likely are you to use the council's new online services, which can save residents time?",18-34,Woman,0.427,3.0,0,1,180
R0988,Effort-framed,"How likely are you to use the council's new online services, even if setup takes a few minutes?",55+,Woman,0.406,3.0,0,1,223
R0989,Effort-framed,"How likely are you to use the council's new online services, even if setup takes a few minutes?",55+,Woman,0.173,1.0,0,1,193
R0990,Benefit-framed,"How likely are you to use the council's new online services, which can save residents time?",35-54,Woman,-0.581,1.0,0,1,173
R0991,Neutral,How likely are you to use the council's new online services?,55+,Man,0.175,2.0,0,1,217
R0992,Benefit-framed,"How likely are you to use the council's new online services, which can save residents time?",35-54,Woman,-0.461,5.0,0,1,118
R0993,Effort-framed,"How likely are you to use the council's new online services, even if setup takes a few minutes?",55+,Man,-1.097,1.0,0,1,299
R0994,Effort-framed,"How likely are you to use the council's new online services, even if setup takes a few minutes?",18-34,Non-binary / self-describe,-1.125,4.0,0,1,213
R0995,Effort-framed,"How likely are you to use the council's new online services, even if setup takes a few minutes?",35-54,Woman,0.021,3.0,0,1,179
R0996,Neutral,How likely are you to use the council's new online services?,18-34,Woman,1.654,4.0,0,1,166
R0997,Benefit-framed,"How likely are you to use the council's new online services, which can save residents time?",55+,Woman,-1.946,2.0,0,1,337
R0998,Benefit-framed,"How likely are you to use the council's new online services, which can save residents time?",35-54,Woman,2.491,4.0,0,1,129
R0999,Benefit-framed,"How likely are you to use the council's new online services, which can save residents time?",55+,Man,-0.033,3.0,0,1,246
R1000,Neutral,How likely are you to use the council's new online services?,35-54,Woman,1.876,2.0,0,1,263
R1001,Benefit-framed,"How likely are you to use the council's new online services, which can save residents time?",35-54,Woman,-2.5,2.0,0,1,142
R1002,Neutral,How likely are you to use the council's new online services?,55+,Woman,-0.904,1.0,0,1,191
R1003,Effort-framed,"How likely are you to use the council's new online services, even if setup takes a few minutes?",35-54,Man,0.14,3.0,0,1,228
R1004,Effort-framed,"How likely are you to use the council's new online services, even if setup takes a few minutes?",18-34,Woman,0.712,,1,1,372
R1005,Neutral,How likely are you to use the council's new online services?,55+,Man,-0.63,3.0,0,1,285
R1006,Neutral,How likely are you to use the council's new online services?,35-54,Woman,-0.73,1.0,0,1,226
R1007,Effort-framed,"How likely are you to use the council's new online services, even if setup takes a few minutes?",18-34,Woman,1.493,4.0,0,1,314
R1008,Benefit-framed,"How likely are you to use the council's new online services, which can save residents time?",35-54,Woman,0.105,4.0,0,1,197
R1009,Benefit-framed,"How likely are you to use the council's new online services, which can save residents time?",18-34,Man,1.823,5.0,0,1,104
R1010,Benefit-framed,"How likely are you to use the council's new online services, which can save residents time?",35-54,Man,-0.466,2.0,0,1,293
R1011,Effort-framed,"How likely are you to use the council's new online services, even if setup takes a few minutes?",55+,Woman,-0.304,4.0,0,1,184
R1012,Effort-framed,"How likely are you to use the council's new online services, even if setup takes a few minutes?",35-54,Woman,-0.296,4.0,0,1,168
R1013,Effort-framed,"How likely are you to use the council's new online services, even if setup takes a few minutes?",18-34,Woman,-1.185,2.0,0,1,200
R1014,Neutral,How likely are you to use the council's new online services?,35-54,Man,1.043,5.0,0,1,271
R1015,Effort-framed,"How likely are you to use the council's new online services, even if setup takes a few minutes?",55+,Woman,-2.324,1.0,0,1,254
R1016,Benefit-framed,"How likely are you to use the council's new online services, which can save residents time?",35-54,Man,0.63,4.0,0,1,360
R1017,Benefit-framed,"How likely are you to use the council's new online services, which can save residents time?",35-54,Woman,-0.645,3.0,0,1,249
R1018,Effort-framed,"How likely are you to use the council's new online services, even if setup takes a few minutes?",18-34,Man,-1.643,2.0,0,1,327
R1019,Neutral,How likely are you to use the council's new online services?,18-34,Woman,-0.567,4.0,0,1,226
R1020,Benefit-framed,"How likely are you to use the council's new online services, which can save residents time?",35-54,Man,-1.075,4.0,0,1,162
R1021,Effort-framed,"How likely are you to use the council's new online services, even if setup takes a few minutes?",55+,Man,-1.152,1.0,0,1,199
R1022,Effort-framed,"How likely are you to use the council's new online services, even if setup takes a few minutes?",55+,Woman,-0.663,2.0,0,1,216
R1023,Benefit-framed,"How likely are you to use the council's new online services, which can save residents time?",35-54,Man,0.501,4.0,0,1,199
R1024,Effort-framed,"How likely are you to use the council's new online services, even if setup takes a few minutes?",35-54,Man,0.492,3.0,0,1,329
R1025,Benefit-framed,"How likely are you to use the council's new online services, which can save residents time?",18-34,Man,1.926,5.0,0,1,115
R1026,Neutral,How likely are you to use the council's new online services?,18-34,Man,0.917,4.0,0,1,295
R1027,Neutral,How likely are you to use the council's new online services?,55+,Man,-0.329,1.0,0,1,174
R1028,Effort-framed,"How likely are you to use the council's new online services, even if setup takes a few minutes?",55+,Woman,-0.078,3.0,0,1,226
R1029,Effort-framed,"How likely are you to use the council's new online services, even if setup takes a few minutes?",18-34,Woman,1.91,3.0,0,1,193
R1030,Effort-framed,"How likely are you to use the council's new online services, even if setup takes a few minutes?",35-54,Man,-1.571,2.0,0,1,205
R1031,Effort-framed,"How likely are you to use the council's new online services, even if setup takes a few minutes?",35-54,Man,0.747,,1,1,139
R1032,Effort-framed,"How likely are you to use the council's new online services, even if setup takes a few minutes?",55+,Man,-1.149,1.0,0,1,234
R1033,Effort-framed,"How likely are you to use the council's new online services, even if setup takes a few minutes?",35-54,Man,-1.879,2.0,0,1,271
R1034,Neutral,How likely are you to use the council's new online services?,55+,Woman,0.016,2.0,0,1,314
R1035,Effort-framed,"How likely are you to use the council's new online services, even if setup takes a few minutes?",35-54,Man,0.291,3.0,0,1,187
R1036,Neutral,How likely are you to use the council's new online services?,55+,Man,-0.449,2.0,0,1,271
R1037,Benefit-framed,"How likely are you to use the council's new online services, which can save residents time?",35-54,Woman,1.193,3.0,0,1,245
R1038,Neutral,How likely are you to use the council's new online services?,55+,Man,-1.362,3.0,0,1,125
R1039,Benefit-framed,"How likely are you to use the council's new online services, which can save residents time?",55+,Man,1.121,5.0,0,1,216
R1040,Neutral,How likely are you to use the council's new online services?,18-34,Woman,0.436,3.0,0,1,132
R1041,Benefit-framed,"How likely are you to use the council's new online services, which can save residents time?",35-54,Man,-0.325,3.0,0,1,178
R1042,Benefit-framed,"How likely are you to use the council's new online services, which can save residents time?",18-34,Woman,1.677,5.0,0,1,156
R1043,Benefit-framed,"How likely are you to use the council's new online services, which can save residents time?",55+,Woman,-0.019,5.0,0,1,307
R1044,Benefit-framed,"How likely are you to use the council's new online services, which can save residents time?",18-34,Man,0.742,4.0,0,1,217
R1045,Benefit-framed,"How likely are you to use the council's new online services, which can save residents time?",35-54,Woman,0.394,4.0,0,1,162
R1046,Benefit-framed,"How likely are you to use the council's new online services, which can save residents time?",18-34,Man,0.576,4.0,0,1,199
R1047,Benefit-framed,"How likely are you to use the council's new online services, which can save residents time?",35-54,Man,0.716,3.0,0,1,174
R1048,Effort-framed,"How likely are you to use the council's new online services, even if setup takes a few minutes?",18-34,Man,-0.56,,1,1,242
R1049,Benefit-framed,"How likely are you to use the council's new online services, which can save residents time?",55+,Man,-0.215,5.0,0,1,251
R1050,Benefit-framed,"How likely are you to use the council's new online services, which can save residents time?",55+,Man,0.335,2.0,0,1,276
R1051,Effort-framed,"How likely are you to use the council's new online services, even if setup takes a few minutes?",18-34,Woman,-0.03,3.0,0,1,299
R1052,Neutral,How likely are you to use the council's new online services?,55+,Man,-1.657,1.0,0,1,243
R1053,Neutral,How likely are you to use the council's new online services?,35-54,Woman,0.042,3.0,0,1,184
R1054,Neutral,How likely are you to use the council's new online services?,35-54,Woman,0.421,3.0,0,1,209
R1055,Effort-framed,"How likely are you to use the council's new online services, even if setup takes a few minutes?",55+,Woman,-0.721,2.0,0,1,173
R1056,Effort-framed,"How likely are you to use the council's new online services, even if setup takes a few minutes?",35-54,Man,-0.907,2.0,0,1,156
R1057,Neutral,How likely are you to use the council's new online services?,55+,Woman,-0.767,2.0,0,1,224
R1058,Neutral,How likely are you to use the council's new online services?,18-34,Man,-0.202,4.0,0,1,228
R1059,Benefit-framed,"How likely are you to use the council's new online services, which can save residents time?",18-34,Man,-0.697,5.0,0,1,233
R1060,Neutral,How likely are you to use the council's new online services?,35-54,Man,1.131,3.0,0,1,257
R1061,Effort-framed,"How likely are you to use the council's new online services, even if setup takes a few minutes?",35-54,Woman,0.373,3.0,0,1,225
R1062,Effort-framed,"How likely are you to use the council's new online services, even if setup takes a few minutes?",55+,Man,0.786,2.0,0,1,433
R1063,Benefit-framed,"How likely are you to use the council's new online services, which can save residents time?",18-34,Woman,-0.03,3.0,0,1,268
R1064,Benefit-framed,"How likely are you to use the council's new online services, which can save residents time?",18-34,Woman,0.259,4.0,0,1,243
R1065,Effort-framed,"How likely are you to use the council's new online services, even if setup takes a few minutes?",55+,Man,-0.057,1.0,0,1,325
R1066,Benefit-framed,"How likely are you to use the council's new online services, which can save residents time?",18-34,Man,0.362,4.0,0,1,161
R1067,Neutral,How likely are you to use the council's new online services?,18-34,Man,-0.348,2.0,0,1,281
R1068,Neutral,How likely are you to use the council's new online services?,55+,Man,0.207,3.0,0,1,226
R1069,Benefit-framed,"How likely are you to use the council's new online services, which can save residents time?",35-54,Woman,0.389,5.0,0,1,261
R1070,Effort-framed,"How likely are you to use the council's new online services, even if setup takes a few minutes?",35-54,Woman,-0.107,2.0,0,1,186
R1071,Benefit-framed,"How likely are you to use the council's new online services, which can save residents time?",35-54,Man,-0.229,4.0,0,1,201
R1072,Effort-framed,"How likely are you to use the council's new online services, even if setup takes a few minutes?",35-54,Man,0.731,1.0,0,1,214
R1073,Neutral,How likely are you to use the council's new online services?,55+,Woman,0.099,2.0,0,1,212
R1074,Benefit-framed,"How likely are you to use the council's new online services, which can save residents time?",35-54,Man,0.704,4.0,0,1,124
R1075,Benefit-framed,"How likely are you to use the council's new online services, which can save residents time?",18-34,Woman,-1.274,2.0,0,1,191
R1076,Neutral,How likely are you to use the council's new online services?,18-34,Man,0.372,2.0,0,1,138
R1077,Effort-framed,"How likely are you to use the council's new online services, even if setup takes a few minutes?",18-34,Non-binary / self-describe,0.457,1.0,0,1,160
R1078,Neutral,How likely are you to use the council's new online services?,35-54,Man,-0.288,,1,1,161
R1079,Effort-framed,"How likely are you to use the council's new online services, even if setup takes a few minutes?",35-54,Woman,0.625,4.0,0,1,210
R1080,Neutral,How likely are you to use the council's new online services?,18-34,Woman,-1.094,3.0,0,1,204
R1081,Neutral,How likely are you to use the council's new online services?,55+,Woman,-0.351,2.0,0,1,62
R1082,Benefit-framed,"How likely are you to use the council's new online services, which can save residents time?",35-54,Woman,0.194,4.0,0,1,221
R1083,Effort-framed,"How likely are you to use the council's new online services, even if setup takes a few minutes?",55+,Man,1.183,1.0,0,1,244
R1084,Neutral,How likely are you to use the council's new online services?,35-54,Woman,0.279,4.0,0,1,253
R1085,Benefit-framed,"How likely are you to use the council's new online services, which can save residents time?",55+,Man,0.16,5.0,0,1,256
R1086,Benefit-framed,"How likely are you to use the council's new online services, which can save residents time?",35-54,Woman,-0.338,4.0,0,1,281
R1087,Neutral,How likely are you to use the council's new online services?,18-34,Woman,0.727,3.0,0,1,268
R1088,Benefit-framed,"How likely are you to use the council's new online services, which can save residents time?",35-54,Man,0.406,4.0,0,1,152
R1089,Benefit-framed,"How likely are you to use the council's new online services, which can save residents time?",18-34,Man,1.124,5.0,0,1,245
R1090,Benefit-framed,"How likely are you to use the council's new online services, which can save residents time?",35-54,Woman,0.453,5.0,0,1,196
R1091,Benefit-framed,"How likely are you to use the council's new online services, which can save residents time?",35-54,Man,0.007,3.0,0,1,205
R1092,Neutral,How likely are you to use the council's new online services?,55+,Man,0.596,4.0,0,1,210
R1093,Neutral,How likely are you to use the council's new online services?,55+,Man,-1.297,4.0,0,1,132
R1094,Neutral,How likely are you to use the council's new online services?,18-34,Woman,-1.188,4.0,0,1,247
R1095,Effort-framed,"How likely are you to use the council's new online services, even if setup takes a few minutes?",18-34,Man,1.254,4.0,0,1,278
R1096,Effort-framed,"How likely are you to use the council's new online services, even if setup takes a few minutes?",18-34,Woman,0.85,3.0,0,1,242
R1097,Neutral,How likely are you to use the council's new online services?,55+,Man,1.366,5.0,0,1,151
R1098,Benefit-framed,"How likely are you to use the council's new online services, which can save residents time?",35-54,Woman,-0.383,1.0,0,1,293
R1099,Neutral,How likely are you to use the council's new online services?,55+,Woman,0.12,3.0,0,1,238
R1100,Benefit-framed,"How likely are you to use the council's new online services, which can save residents time?",55+,Man,-0.462,3.0,0,1,227
R1101,Effort-framed,"How likely are you to use the council's new online services, even if setup takes a few minutes?",18-34,Man,1.036,1.0,0,1,217
R1102,Benefit-framed,"How likely are you to use the council's new online services, which can save residents time?",18-34,Woman,-0.038,3.0,0,1,261
R1103,Effort-framed,"How likely are you to use the council's new online services, even if setup takes a few minutes?",35-54,Woman,0.236,3.0,0,1,242
R1104,Benefit-framed,"How likely are you to use the council's new online services, which can save residents time?",55+,Man,-0.857,5.0,0,1,203
R1105,Effort-framed,"How likely are you to use the council's new online services, even if setup takes a few minutes?",18-34,Woman,0.187,2.0,0,1,258
R1106,Effort-framed,"How likely are you to use the council's new online services, even if setup takes a few minutes?",55+,Man,-0.389,2.0,0,1,112
R1107,Benefit-framed,"How likely are you to use the council's new online services, which can save residents time?",18-34,Woman,1.793,5.0,0,1,208
R1108,Neutral,How likely are you to use the council's new online services?,55+,Woman,0.651,5.0,0,1,163
R1109,Effort-framed,"How likely are you to use the council's new online services, even if setup takes a few minutes?",35-54,Man,-0.243,4.0,0,1,292
R1110,Neutral,How likely are you to use the council's new online services?,18-34,Woman,1.615,4.0,0,1,207
R1111,Effort-framed,"How likely are you to use the council's new online services, even if setup takes a few minutes?",35-54,Woman,-0.185,3.0,0,1,268
R1112,Neutral,How likely are you to use the council's new online services?,35-54,Woman,-1.503,2.0,0,1,176
R1113,Benefit-framed,"How likely are you to use the council's new online services, which can save residents time?",35-54,Man,1.141,4.0,0,1,140
R1114,Benefit-framed,"How likely are you to use the council's new online services, which can save residents time?",35-54,Man,-0.268,4.0,0,1,154
R1115,Benefit-framed,"How likely are you to use the council's new online services, which can save residents time?",18-34,Man,0.245,3.0,0,1,233
R1116,Benefit-framed,"How likely are you to use the council's new online services, which can save residents time?",18-34,Woman,2.24,5.0,0,1,221
R1117,Benefit-framed,"How likely are you to use the council's new online services, which can save residents time?",35-54,Woman,0.768,2.0,0,1,214
R1118,Effort-framed,"How likely are you to use the council's new online services, even if setup takes a few minutes?",35-54,Woman,-0.583,4.0,0,1,133
R1119,Effort-framed,"How likely are you to use the council's new online services, even if setup takes a few minutes?",55+,Woman,-0.21,,1,1,244
R1120,Effort-framed,"How likely are you to use the council's new online services, even if setup takes a few minutes?",18-34,Woman,-1.012,4.0,0,1,196
R1121,Neutral,How likely are you to use the council's new online services?,55+,Man,-1.509,1.0,0,1,142
R1122,Benefit-framed,"How likely are you to use the council's new online services, which can save residents time?",55+,Man,-2.051,2.0,0,1,225
R1123,Effort-framed,"How likely are you to use the council's new online services, even if setup takes a few minutes?",55+,Woman,-0.223,1.0,0,1,146
R1124,Benefit-framed,"How likely are you to use the council's new online services, which can save residents time?",35-54,Woman,0.31,4.0,0,1,154
R1125,Benefit-framed,"How likely are you to use the council's new online services, which can save residents time?",18-34,Man,-0.146,4.0,0,1,153
R1126,Benefit-framed,"How likely are you to use the council's new online services, which can save residents time?",55+,Woman,-0.107,2.0,0,1,135
R1127,Benefit-framed,"How likely are you to use the council's new online services, which can save residents time?",55+,Man,-0.11,2.0,0,1,143
R1128,Effort-framed,"How likely are you to use the council's new online services, even if setup takes a few minutes?",18-34,Woman,-0.283,2.0,0,1,614
R1129,Neutral,How likely are you to use the council's new online services?,55+,Woman,1.101,3.0,0,1,243
R1130,Neutral,How likely are you to use the council's new online services?,18-34,Woman,0.807,4.0,0,1,203
R1131,Neutral,How likely are you to use the council's new online services?,55+,Woman,-0.248,1.0,0,1,194
R1132,Effort-framed,"How likely are you to use the council's new online services, even if setup takes a few minutes?",35-54,Man,-1.116,2.0,0,1,241
R1133,Benefit-framed,"How likely are you to use the council's new online services, which can save residents time?",35-54,Man,1.143,4.0,0,1,275
R1134,Benefit-framed,"How likely are you to use the council's new online services, which can save residents time?",35-54,Woman,0.216,2.0,0,1,316
R1135,Effort-framed,"How likely are you to use the council's new online services, even if setup takes a few minutes?",55+,Man,-0.364,2.0,0,1,301
R1136,Benefit-framed,"How likely are you to use the council's new online services, which can save residents time?",55+,Man,-0.163,3.0,0,0,223
R1137,Effort-framed,"How likely are you to use the council's new online services, even if setup takes a few minutes?",18-34,Woman,0.772,1.0,0,1,215
R1138,Effort-framed,"How likely are you to use the council's new online services, even if setup takes a few minutes?",18-34,Man,1.703,2.0,0,1,193
R1139,Neutral,How likely are you to use the council's new online services?,35-54,Woman,-0.38,4.0,0,1,337
R1140,Benefit-framed,"How likely are you to use the council's new online services, which can save residents time?",35-54,Woman,1.923,5.0,0,1,214
R1141,Effort-framed,"How likely are you to use the council's new online services, even if setup takes a few minutes?",18-34,Woman,1.666,3.0,0,1,502
R1142,Benefit-framed,"How likely are you to use the council's new online services, which can save residents time?",55+,Man,-1.062,2.0,0,1,215
R1143,Benefit-framed,"How likely are you to use the council's new online services, which can save residents time?",35-54,Man,0.817,2.0,0,1,319
R1144,Effort-framed,"How likely are you to use the council's new online services, even if setup takes a few minutes?",18-34,Man,0.225,2.0,0,1,211
R1145,Benefit-framed,"How likely are you to use the council's new online services, which can save residents time?",35-54,Man,-0.16,4.0,0,1,148
R1146,Neutral,How likely are you to use the council's new online services?,18-34,Man,-0.032,3.0,0,1,173
R1147,Effort-framed,"How likely are you to use the council's new online services, even if setup takes a few minutes?",18-34,Woman,0.873,4.0,0,0,354
R1148,Benefit-framed,"How likely are you to use the council's new online services, which can save residents time?",35-54,Man,0.075,4.0,0,1,273
R1149,Effort-framed,"How likely are you to use the council's new online services, even if setup takes a few minutes?",18-34,Woman,2.135,4.0,0,1,243
R1150,Benefit-framed,"How likely are you to use the council's new online services, which can save residents time?",35-54,Woman,0.577,4.0,0,1,157
R1151,Neutral,How likely are you to use the council's new online services?,35-54,Man,-2.023,1.0,0,1,168
R1152,Effort-framed,"How likely are you to use the council's new online services, even if setup takes a few minutes?",55+,Man,-0.184,3.0,0,1,169
R1153,Neutral,How likely are you to use the council's new online services?,55+,Woman,-0.354,2.0,0,1,428
R1154,Neutral,How likely are you to use the council's new online services?,18-34,Woman,-0.103,2.0,0,1,254
R1155,Neutral,How likely are you to use the council's new online services?,18-34,Man,0.158,,1,1,202
R1156,Neutral,How likely are you to use the council's new online services?,18-34,Woman,0.685,3.0,0,1,121
R1157,Benefit-framed,"How likely are you to use the council's new online services, which can save residents time?",55+,Woman,-0.002,3.0,0,1,189
R1158,Neutral,How likely are you to use the council's new online services?,35-54,Man,-0.27,3.0,0,1,270
R1159,Effort-framed,"How likely are you to use the council's new online services, even if setup takes a few minutes?",55+,Man,-1.154,3.0,0,1,211
R1160,Effort-framed,"How likely are you to use the council's new online services, even if setup takes a few minutes?",35-54,Woman,0.948,3.0,0,1,182
R1161,Benefit-framed,"How likely are you to use the council's new online services, which can save residents time?",18-34,Man,-0.931,3.0,0,1,182
R1162,Neutral,How likely are you to use the council's new online services?,18-34,Woman,0.084,4.0,0,1,208
R1163,Effort-framed,"How likely are you to use the council's new online services, even if setup takes a few minutes?",55+,Woman,0.836,2.0,0,1,164
R1164,Effort-framed,"How likely are you to use the council's new online services, even if setup takes a few minutes?",35-54,Woman,0.546,3.0,0,1,310
R1165,Neutral,How likely are you to use the council's new online services?,18-34,Woman,0.92,3.0,0,1,167
R1166,Effort-framed,"How likely are you to use the council's new online services, even if setup takes a few minutes?",35-54,Woman,-1.091,2.0,0,1,116
R1167,Neutral,How likely are you to use the council's new online services?,55+,Woman,-0.213,2.0,0,1,206
R1168,Neutral,How likely are you to use the council's new online services?,18-34,Man,0.122,4.0,0,1,193
R1169,Benefit-framed,"How likely are you to use the council's new online services, which can save residents time?",35-54,Woman,0.117,4.0,0,1,239
R1170,Neutral,How likely are you to use the council's new online services?,35-54,Man,-0.454,3.0,0,1,188
R1171,Benefit-framed,"How likely are you to use the council's new online services, which can save residents time?",55+,Man,-0.702,4.0,0,1,289
R1172,Benefit-framed,"How likely are you to use the council's new online services, which can save residents time?",55+,Woman,0.878,5.0,0,1,208
R1173,Benefit-framed,"How likely are you to use the council's new online services, which can save residents time?",35-54,Man,-1.377,1.0,0,1,124
R1174,Effort-framed,"How likely are you to use the council's new online services, even if setup takes a few minutes?",55+,Man,-0.024,4.0,0,1,200
R1175,Effort-framed,"How likely are you to use the council's new online services, even if setup takes a few minutes?",18-34,Woman,0.866,4.0,0,1,166
R1176,Neutral,How likely are you to use the council's new online services?,55+,Man,-0.799,3.0,0,1,151
R1177,Neutral,How likely are you to use the council's new online services?,35-54,Man,-0.009,3.0,0,0,232
R1178,Effort-framed,"How likely are you to use the council's new online services, even if setup takes a few minutes?",35-54,Woman,-0.942,1.0,0,0,351
R1179,Effort-framed,"How likely are you to use the council's new online services, even if setup takes a few minutes?",35-54,Man,-2.065,3.0,0,1,195
R1180,Benefit-framed,"How likely are you to use the council's new online services, which can save residents time?",18-34,Woman,0.794,5.0,0,1,280
R1181,Neutral,How likely are you to use the council's new online services?,18-34,Woman,1.451,4.0,0,1,152
R1182,Benefit-framed,"How likely are you to use the council's new online services, which can save residents time?",55+,Man,-0.233,2.0,0,1,187
R1183,Benefit-framed,"How likely are you to use the council's new online services, which can save residents time?",18-34,Woman,-1.328,3.0,0,1,151
R1184,Neutral,How likely are you to use the council's new online services?,35-54,Woman,0.107,3.0,0,1,153
R1185,Neutral,How likely are you to use the council's new online services?,55+,Man,0.143,2.0,0,0,217
R1186,Neutral,How likely are you to use the council's new online services?,18-34,Woman,2.061,4.0,0,1,139
R1187,Neutral,How likely are you to use the council's new online services?,55+,Woman,-0.511,5.0,0,1,176
R1188,Neutral,How likely are you to use the council's new online services?,35-54,Man,-0.453,4.0,0,1,75
R1189,Benefit-framed,"How likely are you to use the council's new online services, which can save residents time?",35-54,Woman,-0.255,2.0,0,1,182
R1190,Effort-framed,"How likely are you to use the council's new online services, even if setup takes a few minutes?",18-34,Woman,2.5,3.0,0,1,178
R1191,Effort-framed,"How likely are you to use the council's new online services, even if setup takes a few minutes?",55+,Man,-1.157,,1,1,221
R1192,Neutral,How likely are you to use the council's new online services?,35-54,Man,-1.146,4.0,0,1,209
R1193,Benefit-framed,"How likely are you to use the council's new online services, which can save residents time?",55+,Man,-0.406,4.0,0,1,280
R1194,Effort-framed,"How likely are you to use the council's new online services, even if setup takes a few minutes?",35-54,Woman,-0.199,3.0,0,1,226
R1195,Benefit-framed,"How likely are you to use the council's new online services, which can save residents time?",35-54,Man,0.612,5.0,0,1,299
R1196,Effort-framed,"How likely are you to use the council's new online services, even if setup takes a few minutes?",18-34,Woman,-0.03,2.0,0,1,403
R1197,Benefit-framed,"How likely are you to use the council's new online services, which can save residents time?",18-34,Man,0.138,5.0,0,1,175
R1198,Effort-framed,"How likely are you to use the council's new online services, even if setup takes a few minutes?",35-54,Man,-1.318,,1,1,256
R1199,Neutral,How likely are you to use the council's new online services?,35-54,Man,-0.376,3.0,0,1,385
R1200,Benefit-framed,"How likely are you to use the council's new online services, which can save residents time?",55+,Woman,-1.019,1.0,0,0,242
R1201,Benefit-framed,"How likely are you to use the council's new online services, which can save residents time?",18-34,Man,-0.861,3.0,0,1,215
R1202,Effort-framed,"How likely are you to use the council's new online services, even if setup takes a few minutes?",18-34,Man,-1.395,2.0,0,1,242
R1203,Effort-framed,"How likely are you to use the council's new online services, even if setup takes a few minutes?",35-54,Woman,-0.159,4.0,0,1,160
R1204,Neutral,How likely are you to use the council's new online services?,35-54,Man,1.661,4.0,0,1,191
R1205,Benefit-framed,"How likely are you to use the council's new online services, which can save residents time?",35-54,Woman,0.426,5.0,0,1,215
R1206,Neutral,How likely are you to use the council's new online services?,35-54,Woman,-0.953,3.0,0,1,391
R1207,Benefit-framed,"How likely are you to use the council's new online services, which can save residents time?",55+,Woman,-0.91,5.0,0,1,157
R1208,Neutral,How likely are you to use the council's new online services?,35-54,Woman,0.168,1.0,0,1,261
R1209,Effort-framed,"How likely are you to use the council's new online services, even if setup takes a few minutes?",18-34,Man,0.667,2.0,0,1,197
R1210,Benefit-framed,"How likely are you to use the council's new online services, which can save residents time?",55+,Man,-1.66,3.0,0,1,126
R1211,Benefit-framed,"How likely are you to use the council's new online services, which can save residents time?",55+,Woman,-0.284,5.0,0,1,146
R1212,Benefit-framed,"How likely are you to use the council's new online services, which can save residents time?",18-34,Woman,0.45,5.0,0,1,140
R1213,Effort-framed,"How likely are you to use the council's new online services, even if setup takes a few minutes?",35-54,Man,-0.649,4.0,0,1,280
R1214,Effort-framed,"How likely are you to use the council's new online services, even if setup takes a few minutes?",18-34,Woman,1.178,2.0,0,1,225
R1215,Benefit-framed,"How likely are you to use the council's new online services, which can save residents time?",55+,Man,0.223,4.0,0,1,229
R1216,Benefit-framed,"How likely are you to use the council's new online services, which can save residents time?",18-34,Man,-0.616,3.0,0,1,166
R1217,Effort-framed,"How likely are you to use the council's new online services, even if setup takes a few minutes?",55+,Man,-1.232,3.0,0,1,272
R1218,Neutral,How likely are you to use the council's new online services?,35-54,Man,-0.992,2.0,0,1,202
R1219,Effort-framed,"How likely are you to use the council's new online services, even if setup takes a few minutes?",18-34,Woman,0.83,2.0,0,1,333
R1220,Effort-framed,"How likely are you to use the council's new online services, even if setup takes a few minutes?",35-54,Woman,-0.183,4.0,0,1,172
R1221,Effort-framed,"How likely are you to use the council's new online services, even if setup takes a few minutes?",18-34,Man,1.035,3.0,0,1,178
R1222,Effort-framed,"How likely are you to use the council's new online services, even if setup takes a few minutes?",35-54,Woman,-0.169,,1,1,132
R1223,Benefit-framed,"How likely are you to use the council's new online services, which can save residents time?",35-54,Non-binary / self-describe,0.579,4.0,0,1,213
R1224,Neutral,How likely are you to use the council's new online services?,35-54,Non-binary / self-describe,-1.339,2.0,0,1,400
R1225,Benefit-framed,"How likely are you to use the council's new online services, which can save residents time?",35-54,Man,-0.636,5.0,0,1,328
R1226,Benefit-framed,"How likely are you to use the council's new online services, which can save residents time?",35-54,Woman,0.756,5.0,0,1,214
R1227,Effort-framed,"How likely are you to use the council's new online services, even if setup takes a few minutes?",55+,Man,-1.524,2.0,0,1,215
R1228,Effort-framed,"How likely are you to use the council's new online services, even if setup takes a few minutes?",18-34,Man,-0.06,3.0,0,1,336
R1229,Effort-framed,"How likely are you to use the council's new online services, even if setup takes a few minutes?",18-34,Woman,-1.016,3.0,0,1,184
R1230,Benefit-framed,"How likely are you to use the council's new online services, which can save residents time?",18-34,Man,1.356,3.0,0,1,151
R1231,Neutral,How likely are you to use the council's new online services?,35-54,Man,-1.337,2.0,0,1,120
R1232,Benefit-framed,"How likely are you to use the council's new online services, which can save residents time?",35-54,Woman,-1.533,5.0,0,1,281
R1233,Neutral,How likely are you to use the council's new online services?,18-34,Man,1.353,3.0,0,1,259
R1234,Benefit-framed,"How likely are you to use the council's new online services, which can save residents time?",55+,Woman,0.736,2.0,0,1,133
R1235,Benefit-framed,"How likely are you to use the council's new online services, which can save residents time?",18-34,Woman,0.088,,1,1,320
R1236,Neutral,How likely are you to use the council's new online services?,55+,Man,0.101,4.0,0,1,271
R1237,Effort-framed,"How likely are you to use the council's new online services, even if setup takes a few minutes?",35-54,Man,2.399,4.0,0,1,260
R1238,Benefit-framed,"How likely are you to use the council's new online services, which can save residents time?",35-54,Man,0.04,4.0,0,1,303
R1239,Neutral,How likely are you to use the council's new online services?,35-54,Man,-0.731,4.0,0,1,121
R1240,Effort-framed,"How likely are you to use the council's new online services, even if setup takes a few minutes?",35-54,Woman,-0.777,4.0,0,1,158
R1241,Neutral,How likely are you to use the council's new online services?,18-34,Woman,1.009,5.0,0,1,181
R1242,Effort-framed,"How likely are you to use the council's new online services, even if setup takes a few minutes?",18-34,Man,-0.743,1.0,0,1,238
R1243,Benefit-framed,"How likely are you to use the council's new online services, which can save residents time?",35-54,Woman,0.924,3.0,0,0,265
R1244,Benefit-framed,"How likely are you to use the council's new online services, which can save residents time?",55+,Woman,-0.756,3.0,0,0,252
R1245,Neutral,How likely are you to use the council's new online services?,35-54,Woman,2.48,4.0,0,1,342
R1246,Neutral,How likely are you to use the council's new online services?,35-54,Woman,1.385,3.0,0,1,313
R1247,Benefit-framed,"How likely are you to use the council's new online services, which can save residents time?",55+,Woman,-0.472,,1,1,241
R1248,Benefit-framed,"How likely are you to use the council's new online services, which can save residents time?",35-54,Non-binary / self-describe,-0.206,4.0,0,1,159
R1249,Effort-framed,"How likely are you to use the council's new online services, even if setup takes a few minutes?",55+,Man,0.118,2.0,0,1,164
R1250,Benefit-framed,"How likely are you to use the council's new online services, which can save residents time?",18-34,Woman,0.382,3.0,0,1,308
R1251,Benefit-framed,"How likely are you to use the council's new online services, which can save residents time?",55+,Man,-0.957,2.0,0,1,200
R1252,Benefit-framed,"How likely are you to use the council's new online services, which can save residents time?",18-34,Woman,-0.662,3.0,0,1,250
R1253,Neutral,How likely are you to use the council's new online services?,18-34,Woman,0.371,3.0,0,1,169
R1254,Neutral,How likely are you to use the council's new online services?,55+,Woman,-0.079,2.0,0,1,239
R1255,Effort-framed,"How likely are you to use the council's new online services, even if setup takes a few minutes?",55+,Man,-0.835,5.0,0,1,257
R1256,Benefit-framed,"How likely are you to use the council's new online services, which can save residents time?",18-34,Man,-0.625,2.0,0,1,335
R1257,Effort-framed,"How likely are you to use the council's new online services, even if setup takes a few minutes?",18-34,Man,0.943,4.0,0,1,313
R1258,Effort-framed,"How likely are you to use the council's new online services, even if setup takes a few minutes?",35-54,Man,0.479,2.0,0,1,215
R1259,Benefit-framed,"How likely are you to use the council's new online services, which can save residents time?",55+,Woman,0.205,3.0,0,1,171
R1260,Neutral,How likely are you to use the council's new online services?,35-54,Woman,-0.631,1.0,0,1,145
R1261,Neutral,How likely are you to use the council's new online services?,35-54,Man,1.314,3.0,0,1,397
R1262,Effort-framed,"How likely are you to use the council's new online services, even if setup takes a few minutes?",55+,Man,-1.082,4.0,0,1,205
R1263,Effort-framed,"How likely are you to use the council's new online services, even if setup takes a few minutes?",55+,Man,0.022,2.0,0,0,182
R1264,Benefit-framed,"How likely are you to use the council's new online services, which can save residents time?",55+,Man,-0.932,5.0,0,1,214
R1265,Neutral,How likely are you to use the council's new online services?,18-34,Woman,0.407,2.0,0,1,188
R1266,Neutral,How likely are you to use the council's new online services?,55+,Woman,-0.504,2.0,0,1,218
R1267,Effort-framed,"How likely are you to use the council's new online services, even if setup takes a few minutes?",35-54,Woman,0.363,2.0,0,1,152
R1268,Effort-framed,"How likely are you to use the council's new online services, even if setup takes a few minutes?",35-54,Woman,1.871,4.0,0,1,166
R1269,Effort-framed,"How likely are you to use the council's new online services, even if setup takes a few minutes?",55+,Woman,0.28,3.0,0,1,187
R1270,Effort-framed,"How likely are you to use the council's new online services, even if setup takes a few minutes?",18-34,Woman,0.384,5.0,0,1,412
R1271,Benefit-framed,"How likely are you to use the council's new online services, which can save residents time?",55+,Man,-0.746,2.0,0,1,127
R1272,Benefit-framed,"How likely are you to use the council's new online services, which can save residents time?",18-34,Woman,0.848,4.0,0,1,227
R1273,Effort-framed,"How likely are you to use the council's new online services, even if setup takes a few minutes?",55+,Woman,-2.024,2.0,0,1,227
R1274,Effort-framed,"How likely are you to use the council's new online services, even if setup takes a few minutes?",35-54,Man,-0.98,2.0,0,1,591
R1275,Neutral,How likely are you to use the council's new online services?,55+,Man,-1.487,3.0,0,1,202
R1276,Benefit-framed,"How likely are you to use the council's new online services, which can save residents time?",35-54,Man,1.299,,1,1,140
R1277,Benefit-framed,"How likely are you to use the council's new online services, which can save residents time?",18-34,Man,-1.481,3.0,0,1,176
R1278,Benefit-framed,"How likely are you to use the council's new online services, which can save residents time?",18-34,Man,0.457,3.0,0,1,146
R1279,Neutral,How likely are you to use the council's new online services?,35-54,Woman,0.758,3.0,0,1,185
R1280,Benefit-framed,"How likely are you to use the council's new online services, which can save residents time?",35-54,Woman,0.387,5.0,0,1,208
R1281,Neutral,How likely are you to use the council's new online services?,55+,Woman,-0.52,2.0,0,1,131
R1282,Neutral,How likely are you to use the council's new online services?,18-34,Man,-0.389,4.0,0,1,214
R1283,Neutral,How likely are you to use the council's new online services?,35-54,Man,0.502,3.0,0,1,393
R1284,Neutral,How likely are you to use the council's new online services?,35-54,Man,0.126,3.0,0,1,130
R1285,Effort-framed,"How likely are you to use the council's new online services, even if setup takes a few minutes?",55+,Woman,-0.562,3.0,0,1,315
R1286,Neutral,How likely are you to use the council's new online services?,18-34,Man,1.133,4.0,0,1,276
R1287,Neutral,How likely are you to use the council's new online services?,18-34,Woman,0.83,3.0,0,1,260
R1288,Neutral,How likely are you to use the council's new online services?,35-54,Man,1.85,4.0,0,1,213
R1289,Benefit-framed,"How likely are you to use the council's new online services, which can save residents time?",18-34,Woman,2.022,3.0,0,1,222
R1290,Effort-framed,"How likely are you to use the council's new online services, even if setup takes a few minutes?",18-34,Man,-0.568,3.0,0,1,153
R1291,Benefit-framed,"How likely are you to use the council's new online services, which can save residents time?",55+,Woman,0.865,5.0,0,1,254
R1292,Benefit-framed,"How likely are you to use the council's new online services, which can save residents time?",35-54,Man,0.583,4.0,0,0,224
R1293,Effort-framed,"How likely are you to use the council's new online services, even if setup takes a few minutes?",35-54,Woman,0.145,4.0,0,1,230
R1294,Neutral,How likely are you to use the council's new online services?,55+,Woman,-1.382,5.0,0,1,263
R1295,Benefit-framed,"How likely are you to use the council's new online services, which can save residents time?",55+,Man,-2.25,3.0,0,1,301
R1296,Effort-framed,"How likely are you to use the council's new online services, even if setup takes a few minutes?",35-54,Woman,0.427,4.0,0,1,211
R1297,Neutral,How likely are you to use the council's new online services?,55+,Man,1.533,1.0,0,1,122
R1298,Effort-framed,"How likely are you to use the council's new online services, even if setup takes a few minutes?",35-54,Man,0.722,3.0,0,1,159
R1299,Benefit-framed,"How likely are you to use the council's new online services, which can save residents time?",35-54,Man,0.515,4.0,0,1,359
R1300,Effort-framed,"How likely are you to use the council's new online services, even if setup takes a few minutes?",35-54,Woman,0.344,4.0,0,1,228
R1301,Benefit-framed,"How likely are you to use the council's new online services, which can save residents time?",35-54,Man,0.079,4.0,0,1,280
R1302,Neutral,How likely are you to use the council's new online services?,35-54,Man,0.024,4.0,0,1,250
R1303,Effort-framed,"How likely are you to use the council's new online services, even if setup takes a few minutes?",55+,Woman,0.445,3.0,0,1,166
R1304,Benefit-framed,"How likely are you to use the council's new online services, which can save residents time?",18-34,Woman,-0.581,3.0,0,1,290
R1305,Neutral,How likely are you to use the council's new online services?,55+,Woman,1.175,4.0,0,1,81
R1306,Neutral,How likely are you to use the council's new online services?,55+,Man,0.782,4.0,0,1,164
R1307,Neutral,How likely are you to use the council's new online services?,35-54,Woman,-0.633,2.0,0,1,173
R1308,Effort-framed,"How likely are you to use the council's new online services, even if setup takes a few minutes?",55+,Woman,-1.714,1.0,0,1,147
R1309,Benefit-framed,"How likely are you to use the council's new online services, which can save residents time?",35-54,Woman,2.06,4.0,0,1,221
R1310,Effort-framed,"How likely are you to use the council's new online services, even if setup takes a few minutes?",18-34,Woman,-0.002,4.0,0,1,217
R1311,Neutral,How likely are you to use the council's new online services?,55+,Woman,0.825,4.0,0,1,140
R1312,Neutral,How likely are you to use the council's new online services?,18-34,Woman,0.116,3.0,0,1,155
R1313,Benefit-framed,"How likely are you to use the council's new online services, which can save residents time?",18-34,Man,-0.762,2.0,0,1,154
R1314,Effort-framed,"How likely are you to use the council's new online services, even if setup takes a few minutes?",18-34,Man,-0.136,3.0,0,1,192
R1315,Benefit-framed,"How likely are you to use the council's new online services, which can save residents time?",18-34,Woman,1.202,5.0,0,1,221
R1316,Benefit-framed,"How likely are you to use the council's new online services, which can save residents time?",35-54,Man,-0.24,5.0,0,1,272
R1317,Effort-framed,"How likely are you to use the council's new online services, even if setup takes a few minutes?",35-54,Woman,0.304,3.0,0,1,163
R1318,Neutral,How likely are you to use the council's new online services?,35-54,Man,0.351,3.0,0,1,192
R1319,Effort-framed,"How likely are you to use the council's new online services, even if setup takes a few minutes?",18-34,Man,1.167,5.0,0,1,250
R1320,Neutral,How likely are you to use the council's new online services?,35-54,Man,1.019,4.0,0,1,111
R1321,Benefit-framed,"How likely are you to use the council's new online services, which can save residents time?",55+,Man,-2.109,2.0,0,1,198
R1322,Benefit-framed,"How likely are you to use the council's new online services, which can save residents time?",55+,Man,-0.281,3.0,0,1,276
R1323,Benefit-framed,"How likely are you to use the council's new online services, which can save residents time?",55+,Woman,0.883,5.0,0,1,206
R1324,Neutral,How likely are you to use the council's new online services?,18-34,Woman,-0.754,3.0,0,1,239
R1325,Benefit-framed,"How likely are you to use the council's new online services, which can save residents time?",18-34,Man,-1.358,3.0,0,1,247
R1326,Benefit-framed,"How likely are you to use the council's new online services, which can save residents time?",55+,Man,-2.3,3.0,0,1,127
R1327,Effort-framed,"How likely are you to use the council's new online services, even if setup takes a few minutes?",35-54,Man,0.637,3.0,0,1,125
R1328,Benefit-framed,"How likely are you to use the council's new online services, which can save residents time?",55+,Woman,-0.92,3.0,0,1,345
R1329,Neutral,How likely are you to use the council's new online services?,35-54,Man,-0.845,4.0,0,1,301
R1330,Benefit-framed,"How likely are you to use the council's new online services, which can save residents time?",35-54,Woman,0.544,3.0,0,1,119
R1331,Benefit-framed,"How likely are you to use the council's new online services, which can save residents time?",35-54,Woman,1.892,3.0,0,1,197
R1332,Effort-framed,"How likely are you to use the council's new online services, even if setup takes a few minutes?",35-54,Man,-0.092,3.0,0,1,141
R1333,Effort-framed,"How likely are you to use the council's new online services, even if setup takes a few minutes?",55+,Man,1.176,4.0,0,1,315
R1334,Benefit-framed,"How likely are you to use the council's new online services, which can save residents time?",55+,Man,-0.553,3.0,0,1,298
R1335,Benefit-framed,"How likely are you to use the council's new online services, which can save residents time?",55+,Woman,-0.206,3.0,0,1,389
R1336,Neutral,How likely are you to use the council's new online services?,35-54,Woman,-1.246,3.0,0,1,175
R1337,Neutral,How likely are you to use the council's new online services?,18-34,Man,1.055,4.0,0,1,209
R1338,Effort-framed,"How likely are you to use the council's new online services, even if setup takes a few minutes?",18-34,Woman,1.183,4.0,0,1,131
R1339,Effort-framed,"How likely are you to use the council's new online services, even if setup takes a few minutes?",35-54,Man,-1.169,2.0,0,1,216
R1340,Benefit-framed,"How likely are you to use the council's new online services, which can save residents time?",18-34,Man,0.278,3.0,0,1,415
R1341,Effort-framed,"How likely are you to use the council's new online services, even if setup takes a few minutes?",18-34,Woman,0.517,5.0,0,1,178
R1342,Neutral,How likely are you to use the council's new online services?,35-54,Man,-0.334,4.0,0,1,252
R1343,Neutral,How likely are you to use the council's new online services?,55+,Woman,0.182,,1,0,314
R1344,Neutral,How likely are you to use the council's new online services?,18-34,Woman,1.369,4.0,0,1,171
R1345,Benefit-framed,"How likely are you to use the council's new online services, which can save residents time?",55+,Woman,-2.073,2.0,0,1,266
R1346,Benefit-framed,"How likely are you to use the council's new online services, which can save residents time?",55+,Woman,-1.063,3.0,0,1,308
R1347,Neutral,How likely are you to use the council's new online services?,35-54,Woman,-0.882,3.0,0,1,240
R1348,Effort-framed,"How likely are you to use the council's new online services, even if setup takes a few minutes?",35-54,Man,0.237,2.0,0,1,197
R1349,Benefit-framed,"How likely are you to use the council's new online services, which can save residents time?",18-34,Man,-0.176,4.0,0,1,154
R1350,Effort-framed,"How likely are you to use the council's new online services, even if setup takes a few minutes?",55+,Woman,-1.316,3.0,0,0,288
R1351,Benefit-framed,"How likely are you to use the council's new online services, which can save residents time?",35-54,Man,-0.582,3.0,0,1,242
R1352,Effort-framed,"How likely are you to use the council's new online services, even if setup takes a few minutes?",18-34,Man,1.711,3.0,0,1,155
R1353,Effort-framed,"How likely are you to use the council's new online services, even if setup takes a few minutes?",18-34,Man,0.157,3.0,0,1,235
R1354,Benefit-framed,"How likely are you to use the council's new online services, which can save residents time?",35-54,Man,-1.073,2.0,0,1,178
R1355,Benefit-framed,"How likely are you to use the council's new online services, which can save residents time?",35-54,Woman,1.698,5.0,0,0,105
R1356,Neutral,How likely are you to use the council's new online services?,35-54,Woman,-0.519,3.0,0,1,158
R1357,Neutral,How likely are you to use the council's new online services?,35-54,Man,-1.181,1.0,0,1,255
R1358,Neutral,How likely are you to use the council's new online services?,35-54,Man,0.245,3.0,0,1,136
R1359,Effort-framed,"How likely are you to use the council's new online services, even if setup takes a few minutes?",18-34,Woman,2.056,4.0,0,1,260
R1360,Benefit-framed,"How likely are you to use the council's new online services, which can save residents time?",18-34,Man,1.451,3.0,0,1,176
R1361,Neutral,How likely are you to use the council's new online services?,18-34,Woman,0.905,3.0,0,1,225
R1362,Effort-framed,"How likely are you to use the council's new online services, even if setup takes a few minutes?",35-54,Man,0.565,5.0,0,1,210
R1363,Effort-framed,"How likely are you to use the council's new online services, even if setup takes a few minutes?",35-54,Man,-1.756,2.0,0,1,237
R1364,Neutral,How likely are you to use the council's new online services?,35-54,Man,-0.681,3.0,0,1,301
R1365,Neutral,How likely are you to use the council's new online services?,35-54,Man,1.153,4.0,0,1,170
R1366,Effort-framed,"How likely are you to use the council's new online services, even if setup takes a few minutes?",35-54,Non-binary / self-describe,-1.458,3.0,0,1,348
R1367,Effort-framed,"How likely are you to use the council's new online services, even if setup takes a few minutes?",35-54,Man,-0.918,2.0,0,1,363
R1368,Effort-framed,"How likely are you to use the council's new online services, even if setup takes a few minutes?",35-54,Woman,-0.161,2.0,0,1,306
R1369,Effort-framed,"How likely are you to use the council's new online services, even if setup takes a few minutes?",55+,Man,-2.278,2.0,0,1,203
R1370,Benefit-framed,"How likely are you to use the council's new online services, which can save residents time?",18-34,Woman,-1.937,3.0,0,1,231
R1371,Effort-framed,"How likely are you to use the council's new online services, even if setup takes a few minutes?",35-54,Woman,-0.744,2.0,0,1,187
R1372,Benefit-framed,"How likely are you to use the council's new online services, which can save residents time?",55+,Woman,-0.755,3.0,0,1,256
R1373,Neutral,How likely are you to use the council's new online services?,35-54,Woman,-0.294,3.0,0,1,239
R1374,Benefit-framed,"How likely are you to use the council's new online services, which can save residents time?",18-34,Woman,0.484,2.0,0,1,216
R1375,Neutral,How likely are you to use the council's new online services?,55+,Man,-0.219,4.0,0,1,127
R1376,Neutral,How likely are you to use the council's new online services?,35-54,Man,0.381,4.0,0,1,178
R1377,Neutral,How likely are you to use the council's new online services?,35-54,Woman,-1.096,3.0,0,1,413
R1378,Neutral,How likely are you to use the council's new online services?,55+,Man,-2.5,3.0,0,1,189
R1379,Benefit-framed,"How likely are you to use the council's new online services, which can save residents time?",55+,Woman,0.679,4.0,0,1,229
R1380,Benefit-framed,"How likely are you to use the council's new online services, which can save residents time?",55+,Man,-2.131,2.0,0,1,209
R1381,Neutral,How likely are you to use the council's new online services?,55+,Man,-1.698,1.0,0,1,180
R1382,Benefit-framed,"How likely are you to use the council's new online services, which can save residents time?",18-34,Woman,0.266,3.0,0,1,100
R1383,Effort-framed,"How likely are you to use the council's new online services, even if setup takes a few minutes?",35-54,Man,-1.407,2.0,0,1,217
R1384,Benefit-framed,"How likely are you to use the council's new online services, which can save residents time?",18-34,Man,-0.174,4.0,0,1,160
R1385,Effort-framed,"How likely are you to use the council's new online services, even if setup takes a few minutes?",35-54,Man,0.542,3.0,0,1,173
R1386,Effort-framed,"How likely are you to use the council's new online services, even if setup takes a few minutes?",18-34,Woman,-0.299,2.0,0,1,192
R1387,Neutral,How likely are you to use the council's new online services?,55+,Woman,-1.016,4.0,0,1,155
R1388,Neutral,How likely are you to use the council's new online services?,35-54,Man,0.41,4.0,0,1,209
R1389,Benefit-framed,"How likely are you to use the council's new online services, which can save residents time?",18-34,Man,0.393,4.0,0,1,193
R1390,Effort-framed,"How likely are you to use the council's new online services, even if setup takes a few minutes?",18-34,Man,-0.056,,1,1,292
R1391,Effort-framed,"How likely are you to use the council's new online services, even if setup takes a few minutes?",35-54,Woman,-1.98,2.0,0,1,356
R1392,Benefit-framed,"How likely are you to use the council's new online services, which can save residents time?",35-54,Woman,1.133,5.0,0,1,237
R1393,Neutral,How likely are you to use the council's new online services?,35-54,Man,-0.265,3.0,0,1,252
R1394,Benefit-framed,"How likely are you to use the council's new online services, which can save residents time?",18-34,Man,0.175,2.0,0,1,231
R1395,Effort-framed,"How likely are you to use the council's new online services, even if setup takes a few minutes?",35-54,Man,0.399,4.0,0,1,203
R1396,Benefit-framed,"How likely are you to use the council's new online services, which can save residents time?",55+,Woman,-0.891,1.0,0,1,153
R1397,Benefit-framed,"How likely are you to use the council's new online services, which can save residents time?",35-54,Woman,-0.1,4.0,0,1,231
R1398,Neutral,How likely are you to use the council's new online services?,18-34,Man,1.129,5.0,0,1,434
R1399,Benefit-framed,"How likely are you to use the council's new online services, which can save residents time?",35-54,Woman,-2.3,3.0,0,1,251
R1400,Benefit-framed,"How likely are you to use the council's new online services, which can save residents time?",35-54,Man,0.459,3.0,0,1,307
R1401,Benefit-framed,"How likely are you to use the council's new online services, which can save residents time?",55+,Man,0.346,4.0,0,1,175
R1402,Benefit-framed,"How likely are you to use the council's new online services, which can save residents time?",18-34,Man,0.897,5.0,0,0,141
R1403,Benefit-framed,"How likely are you to use the council's new online services, which can save residents time?",55+,Man,-1.32,4.0,0,1,163
R1404,Neutral,How likely are you to use the council's new online services?,18-34,Man,1.424,,1,1,244
R1405,Benefit-framed,"How likely are you to use the council's new online services, which can save residents time?",55+,Woman,0.417,2.0,0,1,178
R1406,Benefit-framed,"How likely are you to use the council's new online services, which can save residents time?",18-34,Man,-0.337,4.0,0,1,190
R1407,Effort-framed,"How likely are you to use the council's new online services, even if setup takes a few minutes?",35-54,Woman,0.037,1.0,0,1,349
R1408,Benefit-framed,"How likely are you to use the council's new online services, which can save residents time?",35-54,Man,-0.083,3.0,0,1,203
R1409,Neutral,How likely are you to use the council's new online services?,18-34,Man,-2.5,1.0,0,0,196
R1410,Benefit-framed,"How likely are you to use the council's new online services, which can save residents time?",18-34,Man,-0.286,4.0,0,1,164
R1411,Benefit-framed,"How likely are you to use the council's new online services, which can save residents time?",35-54,Woman,1.35,5.0,0,1,276
R1412,Effort-framed,"How likely are you to use the council's new online services, even if setup takes a few minutes?",55+,Man,0.512,3.0,0,1,257
R1413,Neutral,How likely are you to use the council's new online services?,35-54,Woman,0.212,2.0,0,1,225
R1414,Benefit-framed,"How likely are you to use the council's new online services, which can save residents time?",35-54,Woman,0.473,5.0,0,1,218
R1415,Effort-framed,"How likely are you to use the council's new online services, even if setup takes a few minutes?",35-54,Man,-0.445,2.0,0,1,170
R1416,Benefit-framed,"How likely are you to use the council's new online services, which can save residents time?",18-34,Man,-1.518,2.0,0,1,227
R1417,Neutral,How likely are you to use the council's new online services?,35-54,Man,0.846,3.0,0,1,158
R1418,Benefit-framed,"How likely are you to use the council's new online services, which can save residents time?",35-54,Man,-0.186,3.0,0,0,208
R1419,Benefit-framed,"How likely are you to use the council's new online services, which can save residents time?",35-54,Woman,-1.618,4.0,0,1,138
R1420,Effort-framed,"How likely are you to use the council's new online services, even if setup takes a few minutes?",55+,Man,-1.305,1.0,0,1,247
R1421,Effort-framed,"How likely are you to use the council's new online services, even if setup takes a few minutes?",35-54,Woman,0.249,,1,1,359
R1422,Benefit-framed,"How likely are you to use the council's new online services, which can save residents time?",35-54,Man,1.075,5.0,0,1,390
R1423,Neutral,How likely are you to use the council's new online services?,18-34,Woman,1.478,5.0,0,1,278
R1424,Benefit-framed,"How likely are you to use the council's new online services, which can save residents time?",18-34,Woman,-0.328,3.0,0,1,117
R1425,Effort-framed,"How likely are you to use the council's new online services, even if setup takes a few minutes?",35-54,Woman,-1.068,3.0,0,1,169
R1426,Effort-framed,"How likely are you to use the council's new online services, even if setup takes a few minutes?",55+,Woman,-0.447,3.0,0,1,182
R1427,Effort-framed,"How likely are you to use the council's new online services, even if setup takes a few minutes?",55+,Woman,-1.279,1.0,0,1,272
R1428,Neutral,How likely are you to use the council's new online services?,55+,Woman,-0.537,2.0,0,1,225
R1429,Benefit-framed,"How likely are you to use the council's new online services, which can save residents time?",18-34,Man,-1.228,3.0,0,1,230
R1430,Benefit-framed,"How likely are you to use the council's new online services, which can save residents time?",35-54,Man,1.409,5.0,0,1,193
R1431,Effort-framed,"How likely are you to use the council's new online services, even if setup takes a few minutes?",35-54,Woman,-1.804,4.0,0,1,501
R1432,Neutral,How likely are you to use the council's new online services?,18-34,Woman,-0.095,3.0,0,1,209
R1433,Benefit-framed,"How likely are you to use the council's new online services, which can save residents time?",55+,Man,-0.308,4.0,0,1,189
R1434,Neutral,How likely are you to use the council's new online services?,18-34,Man,-0.431,1.0,0,1,211
R1435,Benefit-framed,"How likely are you to use the council's new online services, which can save residents time?",35-54,Man,-1.176,4.0,0,0,151
R1436,Effort-framed,"How likely are you to use the council's new online services, even if setup takes a few minutes?",55+,Woman,0.16,1.0,0,1,312
R1437,Effort-framed,"How likely are you to use the council's new online services, even if setup takes a few minutes?",18-34,Man,0.852,1.0,0,1,198
R1438,Effort-framed,"How likely are you to use the council's new online services, even if setup takes a few minutes?",55+,Woman,-1.483,2.0,0,1,217
R1439,Benefit-framed,"How likely are you to use the council's new online services, which can save residents time?",18-34,Woman,0.844,3.0,0,1,224
R1440,Neutral,How likely are you to use the council's new online services?,55+,Woman,1.594,,1,1,119
R1441,Effort-framed,"How likely are you to use the council's new online services, even if setup takes a few minutes?",55+,Woman,-2.5,2.0,0,1,299
R1442,Benefit-framed,"How likely are you to use the council's new online services, which can save residents time?",18-34,Man,0.76,4.0,0,1,123
R1443,Neutral,How likely are you to use the council's new online services?,35-54,Man,-1.219,2.0,0,1,154
R1444,Effort-framed,"How likely are you to use the council's new online services, even if setup takes a few minutes?",35-54,Woman,0.125,4.0,0,1,311
R1445,Neutral,How likely are you to use the council's new online services?,35-54,Woman,0.847,2.0,0,1,147
R1446,Neutral,How likely are you to use the council's new online services?,35-54,Woman,-0.55,3.0,0,1,214
R1447,Benefit-framed,"How likely are you to use the council's new online services, which can save residents time?",35-54,Woman,0.675,4.0,0,1,282
R1448,Effort-framed,"How likely are you to use the council's new online services, even if setup takes a few minutes?",18-34,Man,-1.155,,1,1,210
R1449,Effort-framed,"How likely are you to use the council's new online services, even if setup takes a few minutes?",18-34,Woman,-1.24,3.0,0,1,283
R1450,Neutral,How likely are you to use the council's new online services?,55+,Woman,0.456,4.0,0,1,194
R1451,Effort-framed,"How likely are you to use the council's new online services, even if setup takes a few minutes?",35-54,Woman,-0.166,1.0,0,1,199
R1452,Effort-framed,"How likely are you to use the council's new online services, even if setup takes a few minutes?",55+,Woman,-0.646,4.0,0,1,211
R1453,Benefit-framed,"How likely are you to use the council's new online services, which can save residents time?",18-34,Woman,-1.359,1.0,0,1,202
R1454,Effort-framed,"How likely are you to use the council's new online services, even if setup takes a few minutes?",18-34,Man,1.147,2.0,0,1,233
R1455,Effort-framed,"How likely are you to use the council's new online services, even if setup takes a few minutes?",55+,Woman,-0.01,1.0,0,1,268
R1456,Effort-framed,"How likely are you to use the council's new online services, even if setup takes a few minutes?",18-34,Woman,-0.986,2.0,0,1,161
R1457,Neutral,How likely are you to use the council's new online services?,35-54,Man,-0.622,3.0,0,1,222
R1458,Neutral,How likely are you to use the council's new online services?,18-34,Man,0.79,3.0,0,1,138
R1459,Benefit-framed,"How likely are you to use the council's new online services, which can save residents time?",18-34,Man,-0.37,5.0,0,1,117
R1460,Neutral,How likely are you to use the council's new online services?,35-54,Woman,-1.768,1.0,0,1,100
R1461,Neutral,How likely are you to use the council's new online services?,18-34,Woman,-0.072,3.0,0,1,347
R1462,Effort-framed,"How likely are you to use the council's new online services, even if setup takes a few minutes?",18-34,Man,1.116,4.0,0,1,256
R1463,Benefit-framed,"How likely are you to use the council's new online services, which can save residents time?",55+,Woman,0.004,4.0,0,0,228
R1464,Neutral,How likely are you to use the council's new online services?,55+,Man,0.291,5.0,0,1,308
R1465,Effort-framed,"How likely are you to use the council's new online services, even if setup takes a few minutes?",55+,Woman,0.741,1.0,0,1,208
R1466,Neutral,How likely are you to use the council's new online services?,55+,Man,-0.896,2.0,0,1,473
R1467,Neutral,How likely are you to use the council's new online services?,35-54,Man,0.979,4.0,0,1,273
R1468,Benefit-framed,"How likely are you to use the council's new online services, which can save residents time?",18-34,Woman,0.37,3.0,0,1,274
R1469,Neutral,How likely are you to use the council's new online services?,35-54,Woman,0.539,2.0,0,1,196
R1470,Effort-framed,"How likely are you to use the council's new online services, even if setup takes a few minutes?",55+,Woman,-0.336,3.0,0,1,331
R1471,Benefit-framed,"How likely are you to use the council's new online services, which can save residents time?",55+,Woman,-0.224,3.0,0,1,224
R1472,Benefit-framed,"How likely are you to use the council's new online services, which can save residents time?",55+,Man,-1.852,2.0,0,1,255
R1473,Neutral,How likely are you to use the council's new online services?,55+,Woman,0.157,1.0,0,1,290
R1474,Benefit-framed,"How likely are you to use the council's new online services, which can save residents time?",18-34,Woman,-0.625,3.0,0,1,196
R1475,Benefit-framed,"How likely are you to use the council's new online services, which can save residents time?",35-54,Man,2.255,5.0,0,1,262
R1476,Neutral,How likely are you to use the council's new online services?,35-54,Man,-0.85,2.0,0,1,190
R1477,Neutral,How likely are you to use the council's new online services?,55+,Man,-0.884,2.0,0,1,162
R1478,Benefit-framed,"How likely are you to use the council's new online services, which can save residents time?",35-54,Man,-0.842,3.0,0,1,163
R1479,Effort-framed,"How likely are you to use the council's new online services, even if setup takes a few minutes?",55+,Man,-2.5,1.0,0,1,206
R1480,Effort-framed,"How likely are you to use the council's new online services, even if setup takes a few minutes?",55+,Woman,0.862,4.0,0,1,183
R1481,Effort-framed,"How likely are you to use the council's new online services, even if setup takes a few minutes?",35-54,Man,-0.197,2.0,0,1,245
R1482,Benefit-framed,"How likely are you to use the council's new online services, which can save residents time?",55+,Woman,-1.269,3.0,0,1,213
R1483,Benefit-framed,"How likely are you to use the council's new online services, which can save residents time?",55+,Woman,-1.586,1.0,0,1,175
R1484,Neutral,How likely are you to use the council's new online services?,18-34,Man,1.923,4.0,0,1,158
R1485,Neutral,How likely are you to use the council's new online services?,55+,Woman,-2.019,3.0,0,1,272
R1486,Benefit-framed,"How likely are you to use the council's new online services, which can save residents time?",18-34,Woman,0.49,4.0,0,1,283
R1487,Neutral,How likely are you to use the council's new online services?,55+,Woman,-1.082,4.0,0,1,179
R1488,Effort-framed,"How likely are you to use the council's new online services, even if setup takes a few minutes?",55+,Woman,-1.364,3.0,0,1,268
R1489,Neutral,How likely are you to use the council's new online services?,18-34,Woman,2.392,5.0,0,1,115
R1490,Neutral,How likely are you to use the council's new online services?,18-34,Woman,0.605,2.0,0,1,292
R1491,Neutral,How likely are you to use the council's new online services?,35-54,Man,-1.303,1.0,0,1,234
R1492,Effort-framed,"How likely are you to use the council's new online services, even if setup takes a few minutes?",35-54,Man,1.044,3.0,0,1,268
R1493,Benefit-framed,"How likely are you to use the council's new online services, which can save residents time?",18-34,Man,1.961,2.0,0,1,265
R1494,Neutral,How likely are you to use the council's new online services?,35-54,Woman,-0.692,4.0,0,1,310
R1495,Effort-framed,"How likely are you to use the council's new online services, even if setup takes a few minutes?",18-34,Woman,0.799,3.0,0,1,161
R1496,Neutral,How likely are you to use the council's new online services?,18-34,Man,0.82,3.0,0,1,256
R1497,Benefit-framed,"How likely are you to use the council's new online services, which can save residents time?",35-54,Man,-0.714,4.0,0,1,283
R1498,Neutral,How likely are you to use the council's new online services?,35-54,Man,0.617,3.0,0,1,245
R1499,Neutral,How likely are you to use the council's new online services?,55+,Woman,-1.322,2.0,0,1,206
R1500,Benefit-framed,"How likely are you to use the council's new online services, which can save residents time?",55+,Man,0.701,2.0,0,1,174
R1501,Effort-framed,"How likely are you to use the council's new online services, even if setup takes a few minutes?",18-34,Man,-1.156,1.0,0,1,207
R1502,Benefit-framed,"How likely are you to use the council's new online services, which can save residents time?",18-34,Man,-0.298,3.0,0,1,155
R1503,Neutral,How likely are you to use the council's new online services?,18-34,Man,-0.123,3.0,0,1,121
R1504,Effort-framed,"How likely are you to use the council's new online services, even if setup takes a few minutes?",35-54,Woman,0.658,5.0,0,1,272
R1505,Effort-framed,"How likely are you to use the council's new online services, even if setup takes a few minutes?",35-54,Woman,0.831,4.0,0,1,138
R1506,Neutral,How likely are you to use the council's new online services?,18-34,Man,-0.575,1.0,0,1,155
R1507,Neutral,How likely are you to use the council's new online services?,18-34,Woman,1.192,5.0,0,1,118
R1508,Benefit-framed,"How likely are you to use the council's new online services, which can save residents time?",18-34,Woman,-0.193,3.0,0,1,168
R1509,Neutral,How likely are you to use the council's new online services?,55+,Man,-1.78,2.0,0,1,208
R1510,Effort-framed,"How likely are you to use the council's new online services, even if setup takes a few minutes?",55+,Man,0.877,3.0,0,1,206
R1511,Effort-framed,"How likely are you to use the council's new online services, even if setup takes a few minutes?",35-54,Woman,-0.367,3.0,0,1,255
R1512,Neutral,How likely are you to use the council's new online services?,18-34,Man,-0.443,3.0,0,1,316
R1513,Effort-framed,"How likely are you to use the council's new online services, even if setup takes a few minutes?",18-34,Woman,1.605,4.0,0,1,255
R1514,Neutral,How likely are you to use the council's new online services?,55+,Woman,0.016,4.0,0,1,262
R1515,Benefit-framed,"How likely are you to use the council's new online services, which can save residents time?",35-54,Woman,0.67,3.0,0,1,157
R1516,Neutral,How likely are you to use the council's new online services?,18-34,Woman,1.446,4.0,0,1,237
R1517,Neutral,How likely are you to use the council's new online services?,18-34,Man,1.19,5.0,0,1,420
R1518,Benefit-framed,"How likely are you to use the council's new online services, which can save residents time?",55+,Woman,0.437,5.0,0,1,326
R1519,Neutral,How likely are you to use the council's new online services?,55+,Woman,-1.143,3.0,0,1,77
R1520,Benefit-framed,"How likely are you to use the council's new online services, which can save residents time?",18-34,Man,-0.693,4.0,0,1,309
R1521,Neutral,How likely are you to use the council's new online services?,35-54,Man,0.63,5.0,0,1,176
R1522,Effort-framed,"How likely are you to use the council's new online services, even if setup takes a few minutes?",35-54,Woman,-0.574,5.0,0,1,105
R1523,Benefit-framed,"How likely are you to use the council's new online services, which can save residents time?",18-34,Woman,0.886,4.0,0,1,133
R1524,Effort-framed,"How likely are you to use the council's new online services, even if setup takes a few minutes?",35-54,Man,-0.167,4.0,0,1,235
R1525,Effort-framed,"How likely are you to use the council's new online services, even if setup takes a few minutes?",55+,Woman,0.274,2.0,0,0,181
R1526,Neutral,How likely are you to use the council's new online services?,55+,Woman,-1.352,4.0,0,1,150
R1527,Neutral,How likely are you to use the council's new online services?,18-34,Man,1.475,3.0,0,1,116
R1528,Neutral,How likely are you to use the council's new online services?,55+,Woman,0.338,2.0,0,1,255
R1529,Effort-framed,"How likely are you to use the council's new online services, even if setup takes a few minutes?",18-34,Woman,0.8,5.0,0,1,221
R1530,Neutral,How likely are you to use the council's new online services?,55+,Woman,-2.135,1.0,0,0,300
R1531,Benefit-framed,"How likely are you to use the council's new online services, which can save residents time?",55+,Woman,-0.411,,1,1,233
R1532,Benefit-framed,"How likely are you to use the council's new online services, which can save residents time?",35-54,Woman,-1.08,2.0,0,1,366
R1533,Benefit-framed,"How likely are you to use the council's new online services, which can save residents time?",35-54,Man,0.064,2.0,0,1,227
R1534,Benefit-framed,"How likely are you to use the council's new online services, which can save residents time?",55+,Woman,0.97,5.0,0,1,292
R1535,Neutral,How likely are you to use the council's new online services?,35-54,Man,0.895,4.0,0,1,187
R1536,Neutral,How likely are you to use the council's new online services?,35-54,Man,0.905,4.0,0,1,328
R1537,Benefit-framed,"How likely are you to use the council's new online services, which can save residents time?",35-54,Man,0.224,2.0,0,1,359
R1538,Benefit-framed,"How likely are you to use the council's new online services, which can save residents time?",35-54,Woman,-1.18,3.0,0,1,177
R1539,Neutral,How likely are you to use the council's new online services?,55+,Man,0.472,3.0,0,1,357
R1540,Benefit-framed,"How likely are you to use the council's new online services, which can save residents time?",35-54,Woman,0.597,5.0,0,1,358
R1541,Benefit-framed,"How likely are you to use the council's new online services, which can save residents time?",55+,Woman,-1.826,2.0,0,1,264
R1542,Effort-framed,"How likely are you to use the council's new online services, even if setup takes a few minutes?",18-34,Woman,0.834,2.0,0,1,192
R1543,Neutral,How likely are you to use the council's new online services?,18-34,Woman,1.828,5.0,0,1,113
R1544,Neutral,How likely are you to use the council's new online services?,18-34,Woman,0.84,3.0,0,1,202
R1545,Benefit-framed,"How likely are you to use the council's new online services, which can save residents time?",18-34,Man,0.695,,1,1,243
R1546,Neutral,How likely are you to use the council's new online services?,35-54,Man,0.682,3.0,0,1,314
R1547,Effort-framed,"How likely are you to use the council's new online services, even if setup takes a few minutes?",55+,Man,1.585,3.0,0,1,335
R1548,Effort-framed,"How likely are you to use the council's new online services, even if setup takes a few minutes?",35-54,Non-binary / self-describe,2.5,3.0,0,1,212
R1549,Benefit-framed,"How likely are you to use the council's new online services, which can save residents time?",35-54,Woman,0.968,3.0,0,1,150
R1550,Neutral,How likely are you to use the council's new online services?,35-54,Woman,0.789,4.0,0,1,171
R1551,Benefit-framed,"How likely are you to use the council's new online services, which can save residents time?",18-34,Woman,-0.727,3.0,0,1,273
R1552,Neutral,How likely are you to use the council's new online services?,18-34,Woman,0.406,4.0,0,1,250
R1553,Benefit-framed,"How likely are you to use the council's new online services, which can save residents time?",35-54,Man,1.579,3.0,0,1,217
R1554,Effort-framed,"How likely are you to use the council's new online services, even if setup takes a few minutes?",55+,Man,-1.481,3.0,0,1,218
R1555,Neutral,How likely are you to use the council's new online services?,18-34,Man,0.667,3.0,0,1,204
R1556,Neutral,How likely are you to use the council's new online services?,18-34,Woman,1.643,2.0,0,1,248
R1557,Effort-framed,"How likely are you to use the council's new online services, even if setup takes a few minutes?",55+,Woman,-0.012,3.0,0,1,190
R1558,Neutral,How likely are you to use the council's new online services?,18-34,Man,-0.766,3.0,0,1,204
R1559,Neutral,How likely are you to use the council's new online services?,35-54,Man,0.604,3.0,0,1,126
R1560,Benefit-framed,"How likely are you to use the council's new online services, which can save residents time?",55+,Woman,0.236,4.0,0,1,224
R1561,Benefit-framed,"How likely are you to use the council's new online services, which can save residents time?",18-34,Woman,-0.7,3.0,0,1,184
R1562,Benefit-framed,"How likely are you to use the council's new online services, which can save residents time?",18-34,Man,1.103,,1,1,124
R1563,Neutral,How likely are you to use the council's new online services?,18-34,Woman,2.5,5.0,0,1,225
R1564,Effort-framed,"How likely are you to use the council's new online services, even if setup takes a few minutes?",55+,Man,0.045,4.0,0,1,263
R1565,Neutral,How likely are you to use the council's new online services?,55+,Man,-1.262,2.0,0,1,209
R1566,Neutral,How likely are you to use the council's new online services?,55+,Man,0.278,3.0,0,1,284
R1567,Effort-framed,"How likely are you to use the council's new online services, even if setup takes a few minutes?",35-54,Man,-0.793,2.0,0,1,287
R1568,Effort-framed,"How likely are you to use the council's new online services, even if setup takes a few minutes?",18-34,Woman,0.106,3.0,0,1,134
R1569,Neutral,How likely are you to use the council's new online services?,35-54,Man,-1.142,2.0,0,1,411
R1570,Benefit-framed,"How likely are you to use the council's new online services, which can save residents time?",55+,Woman,-0.884,3.0,0,1,173
R1571,Effort-framed,"How likely are you to use the council's new online services, even if setup takes a few minutes?",35-54,Man,-1.135,3.0,0,1,209
R1572,Effort-framed,"How likely are you to use the council's new online services, even if setup takes a few minutes?",55+,Woman,-0.477,3.0,0,1,230
R1573,Benefit-framed,"How likely are you to use the council's new online services, which can save residents time?",18-34,Man,-0.286,2.0,0,1,272
R1574,Benefit-framed,"How likely are you to use the council's new online services, which can save residents time?",35-54,Woman,1.136,3.0,0,1,113
R1575,Effort-framed,"How likely are you to use the council's new online services, even if setup takes a few minutes?",55+,Woman,0.155,2.0,0,1,248
R1576,Benefit-framed,"How likely are you to use the council's new online services, which can save residents time?",18-34,Man,-0.598,3.0,0,1,257
R1577,Effort-framed,"How likely are you to use the council's new online services, even if setup takes a few minutes?",18-34,Woman,-0.5,3.0,0,1,210
R1578,Neutral,How likely are you to use the council's new online services?,18-34,Woman,-1.524,2.0,0,1,223
R1579,Neutral,How likely are you to use the council's new online services?,55+,Woman,1.409,3.0,0,1,200
R1580,Benefit-framed,"How likely are you to use the council's new online services, which can save residents time?",35-54,Woman,0.088,5.0,0,1,201
R1581,Neutral,How likely are you to use the council's new online services?,35-54,Woman,-0.897,5.0,0,1,212
R1582,Neutral,How likely are you to use the council's new online services?,18-34,Woman,1.354,2.0,0,1,326
R1583,Neutral,How likely are you to use the council's new online services?,35-54,Man,0.013,3.0,0,1,143
R1584,Benefit-framed,"How likely are you to use the council's new online services, which can save residents time?",55+,Man,-0.177,1.0,0,1,230
R1585,Effort-framed,"How likely are you to use the council's new online services, even if setup takes a few minutes?",35-54,Woman,-0.783,2.0,0,1,340
R1586,Benefit-framed,"How likely are you to use the council's new online services, which can save residents time?",55+,Non-binary / self-describe,0.845,5.0,0,1,178
R1587,Effort-framed,"How likely are you to use the council's new online services, even if setup takes a few minutes?",35-54,Woman,-1.682,2.0,0,1,178
R1588,Benefit-framed,"How likely are you to use the council's new online services, which can save residents time?",55+,Woman,-0.374,5.0,0,1,165
R1589,Benefit-framed,"How likely are you to use the council's new online services, which can save residents time?",35-54,Woman,-0.937,3.0,0,1,219
R1590,Effort-framed,"How likely are you to use the council's new online services, even if setup takes a few minutes?",55+,Woman,-0.334,,1,1,471
R1591,Effort-framed,"How likely are you to use the council's new online services, even if setup takes a few minutes?",55+,Man,-1.497,2.0,0,1,275
R1592,Benefit-framed,"How likely are you to use the council's new online services, which can save residents time?",35-54,Man,0.762,4.0,0,1,292
R1593,Effort-framed,"How likely are you to use the council's new online services, even if setup takes a few minutes?",35-54,Man,0.802,2.0,0,1,276
R1594,Effort-framed,"How likely are you to use the council's new online services, even if setup takes a few minutes?",18-34,Man,0.691,3.0,0,1,330
R1595,Benefit-framed,"How likely are you to use the council's new online services, which can save residents time?",18-34,Man,0.192,4.0,0,1,173
R1596,Neutral,How likely are you to use the council's new online services?,55+,Woman,-2.5,2.0,0,1,135
R1597,Neutral,How likely are you to use the council's new online services?,18-34,Woman,1.271,5.0,0,1,266
R1598,Effort-framed,"How likely are you to use the council's new online services, even if setup takes a few minutes?",35-54,Man,-1.308,3.0,0,1,172
R1599,Neutral,How likely are you to use the council's new online services?,55+,Woman,-0.339,3.0,0,1,173
R1600,Effort-framed,"How likely are you to use the council's new online services, even if setup takes a few minutes?",35-54,Woman,-0.178,1.0,0,1,174
R1601,Neutral,How likely are you to use the council's new online services?,55+,Woman,-0.291,2.0,0,1,229
R1602,Effort-framed,"How likely are you to use the council's new online services, even if setup takes a few minutes?",35-54,Woman,-0.396,3.0,0,1,251
R1603,Neutral,How likely are you to use the council's new online services?,35-54,Man,0.77,,1,1,137
R1604,Benefit-framed,"How likely are you to use the council's new online services, which can save residents time?",18-34,Woman,-0.242,1.0,0,1,258
R1605,Benefit-framed,"How likely are you to use the council's new online services, which can save residents time?",55+,Man,-1.585,4.0,0,1,383
R1606,Benefit-framed,"How likely are you to use the council's new online services, which can save residents time?",55+,Woman,-2.406,3.0,0,1,202
R1607,Neutral,How likely are you to use the council's new online services?,35-54,Man,0.146,3.0,0,1,211
R1608,Effort-framed,"How likely are you to use the council's new online services, even if setup takes a few minutes?",55+,Man,-0.108,1.0,0,1,182
R1609,Benefit-framed,"How likely are you to use the council's new online services, which can save residents time?",18-34,Woman,0.377,5.0,0,1,189
R1610,Benefit-framed,"How likely are you to use the council's new online services, which can save residents time?",18-34,Non-binary / self-describe,1.365,3.0,0,1,219
R1611,Effort-framed,"How likely are you to use the council's new online services, even if setup takes a few minutes?",18-34,Woman,-0.474,5.0,0,1,369
R1612,Benefit-framed,"How likely are you to use the council's new online services, which can save residents time?",55+,Woman,-1.13,4.0,0,1,277
R1613,Effort-framed,"How likely are you to use the council's new online services, even if setup takes a few minutes?",18-34,Woman,0.89,2.0,0,1,192
R1614,Neutral,How likely are you to use the council's new online services?,35-54,Non-binary / self-describe,0.341,4.0,0,1,125
R1615,Benefit-framed,"How likely are you to use the council's new online services, which can save residents time?",55+,Woman,-2.034,3.0,0,1,223
R1616,Benefit-framed,"How likely are you to use the council's new online services, which can save residents time?",18-34,Woman,0.574,5.0,0,1,153
R1617,Benefit-framed,"How likely are you to use the council's new online services, which can save residents time?",35-54,Woman,0.934,5.0,0,1,263
R1618,Neutral,How likely are you to use the council's new online services?,55+,Woman,0.371,3.0,0,1,180
R1619,Benefit-framed,"How likely are you to use the council's new online services, which can save residents time?",55+,Woman,2.5,5.0,0,1,177
R1620,Effort-framed,"How likely are you to use the council's new online services, even if setup takes a few minutes?",35-54,Man,0.123,5.0,0,1,559
R1621,Neutral,How likely are you to use the council's new online services?,55+,Woman,0.403,2.0,0,1,151
R1622,Benefit-framed,"How likely are you to use the council's new online services, which can save residents time?",18-34,Man,0.038,4.0,0,1,194
R1623,Benefit-framed,"How likely are you to use the council's new online services, which can save residents time?",18-34,Man,0.909,3.0,0,1,316
R1624,Benefit-framed,"How likely are you to use the council's new online services, which can save residents time?",55+,Man,0.066,5.0,0,1,258
R1625,Benefit-framed,"How likely are you to use the council's new online services, which can save residents time?",35-54,Woman,-1.409,4.0,0,1,269
R1626,Neutral,How likely are you to use the council's new online services?,35-54,Man,0.243,3.0,0,1,236
R1627,Benefit-framed,"How likely are you to use the council's new online services, which can save residents time?",55+,Man,-1.44,5.0,0,1,193
R1628,Benefit-framed,"How likely are you to use the council's new online services, which can save residents time?",18-34,Man,0.756,3.0,0,1,280
R1629,Benefit-framed,"How likely are you to use the council's new online services, which can save residents time?",18-34,Woman,0.858,4.0,0,1,296
R1630,Benefit-framed,"How likely are you to use the council's new online services, which can save residents time?",35-54,Woman,-0.768,2.0,0,1,155
R1631,Effort-framed,"How likely are you to use the council's new online services, even if setup takes a few minutes?",35-54,Man,-0.642,3.0,0,1,312
R1632,Effort-framed,"How likely are you to use the council's new online services, even if setup takes a few minutes?",35-54,Woman,-0.319,3.0,0,1,182
R1633,Effort-framed,"How likely are you to use the council's new online services, even if setup takes a few minutes?",35-54,Woman,-0.702,3.0,0,1,347
R1634,Benefit-framed,"How likely are you to use the council's new online services, which can save residents time?",18-34,Woman,2.152,5.0,0,1,210
R1635,Effort-framed,"How likely are you to use the council's new online services, even if setup takes a few minutes?",35-54,Woman,-0.095,2.0,0,1,229
R1636,Neutral,How likely are you to use the council's new online services?,18-34,Woman,-1.379,1.0,0,1,183
R1637,Effort-framed,"How likely are you to use the council's new online services, even if setup takes a few minutes?",55+,Woman,-0.395,2.0,0,1,172
R1638,Benefit-framed,"How likely are you to use the council's new online services, which can save residents time?",35-54,Man,0.442,5.0,0,1,231
R1639,Benefit-framed,"How likely are you to use the council's new online services, which can save residents time?",18-34,Man,-0.092,5.0,0,1,263
R1640,Neutral,How likely are you to use the council's new online services?,18-34,Woman,1.107,3.0,0,1,152
R1641,Neutral,How likely are you to use the council's new online services?,18-34,Woman,-0.372,2.0,0,1,303
R1642,Effort-framed,"How likely are you to use the council's new online services, even if setup takes a few minutes?",55+,Non-binary / self-describe,0.096,,1,1,246
R1643,Effort-framed,"How likely are you to use the council's new online services, even if setup takes a few minutes?",35-54,Woman,-1.067,3.0,0,1,385
R1644,Benefit-framed,"How likely are you to use the council's new online services, which can save residents time?",18-34,Woman,0.138,4.0,0,1,178
R1645,Benefit-framed,"How likely are you to use the council's new online services, which can save residents time?",35-54,Woman,1.4,2.0,0,1,287
R1646,Effort-framed,"How likely are you to use the council's new online services, even if setup takes a few minutes?",55+,Woman,-0.669,3.0,0,1,193
R1647,Neutral,How likely are you to use the council's new online services?,35-54,Man,1.235,2.0,0,1,217
R1648,Effort-framed,"How likely are you to use the council's new online services, even if setup takes a few minutes?",18-34,Woman,0.305,3.0,0,1,213
R1649,Benefit-framed,"How likely are you to use the council's new online services, which can save residents time?",35-54,Woman,0.129,3.0,0,1,223
R1650,Neutral,How likely are you to use the council's new online services?,55+,Woman,-1.052,3.0,0,1,187
R1651,Benefit-framed,"How likely are you to use the council's new online services, which can save residents time?",35-54,Woman,0.783,2.0,0,1,244
R1652,Effort-framed,"How likely are you to use the council's new online services, even if setup takes a few minutes?",35-54,Man,1.093,,1,1,276
R1653,Effort-framed,"How likely are you to use the council's new online services, even if setup takes a few minutes?",35-54,Woman,-1.219,3.0,0,1,281
R1654,Benefit-framed,"How likely are you to use the council's new online services, which can save residents time?",18-34,Woman,-1.446,1.0,0,1,153
R1655,Effort-framed,"How likely are you to use the council's new online services, even if setup takes a few minutes?",18-34,Man,2.286,3.0,0,1,307
R1656,Neutral,How likely are you to use the council's new online services?,35-54,Man,-0.117,4.0,0,1,269
R1657,Benefit-framed,"How likely are you to use the council's new online services, which can save residents time?",18-34,Man,2.091,5.0,0,1,223
R1658,Benefit-framed,"How likely are you to use the council's new online services, which can save residents time?",35-54,Man,0.243,5.0,0,1,210
R1659,Neutral,How likely are you to use the council's new online services?,35-54,Man,0.518,2.0,0,1,243
R1660,Effort-framed,"How likely are you to use the council's new online services, even if setup takes a few minutes?",35-54,Man,1.131,,1,1,299
R1661,Benefit-framed,"How likely are you to use the council's new online services, which can save residents time?",35-54,Woman,-0.723,,1,1,167
R1662,Effort-framed,"How likely are you to use the council's new online services, even if setup takes a few minutes?",35-54,Man,-0.602,2.0,0,1,153
R1663,Benefit-framed,"How likely are you to use the council's new online services, which can save residents time?",35-54,Woman,-0.29,2.0,0,1,160
R1664,Effort-framed,"How likely are you to use the council's new online services, even if setup takes a few minutes?",55+,Woman,-2.252,2.0,0,1,234
R1665,Effort-framed,"How likely are you to use the council's new online services, even if setup takes a few minutes?",18-34,Woman,0.571,,1,1,188
R1666,Neutral,How likely are you to use the council's new online services?,18-34,Man,-0.728,3.0,0,1,125
R1667,Effort-framed,"How likely are you to use the council's new online services, even if setup takes a few minutes?",18-34,Man,0.946,4.0,0,1,182
R1668,Effort-framed,"How likely are you to use the council's new online services, even if setup takes a few minutes?",35-54,Man,-0.643,4.0,0,1,355
R1669,Effort-framed,"How likely are you to use the council's new online services, even if setup takes a few minutes?",18-34,Woman,-0.246,3.0,0,1,237
R1670,Neutral,How likely are you to use the council's new online services?,35-54,Man,0.421,4.0,0,1,228
R1671,Effort-framed,"How likely are you to use the council's new online services, even if setup takes a few minutes?",18-34,Man,-0.017,3.0,0,1,118
R1672,Neutral,How likely are you to use the council's new online services?,18-34,Man,1.746,4.0,0,1,202
R1673,Effort-framed,"How likely are you to use the council's new online services, even if setup takes a few minutes?",18-34,Woman,0.853,2.0,0,1,131
R1674,Neutral,How likely are you to use the council's new online services?,35-54,Woman,-0.164,2.0,0,1,151
R1675,Benefit-framed,"How likely are you to use the council's new online services, which can save residents time?",55+,Woman,-0.776,3.0,0,1,264
R1676,Effort-framed,"How likely are you to use the council's new online services, even if setup takes a few minutes?",18-34,Man,-0.191,3.0,0,1,250
R1677,Neutral,How likely are you to use the council's new online services?,35-54,Man,-0.133,,1,1,248
R1678,Effort-framed,"How likely are you to use the council's new online services, even if setup takes a few minutes?",18-34,Woman,0.507,3.0,0,1,290
R1679,Neutral,How likely are you to use the council's new online services?,18-34,Man,0.351,4.0,0,1,397
R1680,Neutral,How likely are you to use the council's new online services?,35-54,Man,0.697,5.0,0,1,222
R1681,Benefit-framed,"How likely are you to use the council's new online services, which can save residents time?",18-34,Man,0.162,4.0,0,1,245
R1682,Neutral,How likely are you to use the council's new online services?,35-54,Man,-1.239,2.0,0,1,214
R1683,Effort-framed,"How likely are you to use the council's new online services, even if setup takes a few minutes?",35-54,Woman,-1.708,2.0,0,1,269
R1684,Neutral,How likely are you to use the council's new online services?,35-54,Man,0.224,3.0,0,1,370
R1685,Benefit-framed,"How likely are you to use the council's new online services, which can save residents time?",55+,Woman,-0.649,3.0,0,1,267
R1686,Neutral,How likely are you to use the council's new online services?,18-34,Man,-0.257,3.0,0,1,147
R1687,Benefit-framed,"How likely are you to use the council's new online services, which can save residents time?",35-54,Woman,-0.124,4.0,0,1,158
R1688,Effort-framed,"How likely are you to use the council's new online services, even if setup takes a few minutes?",55+,Man,-2.5,1.0,0,1,206
R1689,Neutral,How likely are you to use the council's new online services?,55+,Woman,0.58,4.0,0,1,277
R1690,Neutral,How likely are you to use the council's new online services?,55+,Man,-0.702,2.0,0,1,400
R1691,Effort-framed,"How likely are you to use the council's new online services, even if setup takes a few minutes?",18-34,Woman,-0.822,1.0,0,1,381
R1692,Effort-framed,"How likely are you to use the council's new online services, even if setup takes a few minutes?",18-34,Man,2.5,5.0,0,1,537
R1693,Neutral,How likely are you to use the council's new online services?,55+,Woman,0.995,3.0,0,1,163
R1694,Benefit-framed,"How likely are you to use the council's new online services, which can save residents time?",55+,Man,0.61,4.0,0,1,121
R1695,Effort-framed,"How likely are you to use the council's new online services, even if setup takes a few minutes?",18-34,Woman,-0.659,4.0,0,1,172
R1696,Effort-framed,"How likely are you to use the council's new online services, even if setup takes a few minutes?",18-34,Woman,0.836,3.0,0,1,229
R1697,Neutral,How likely are you to use the council's new online services?,55+,Woman,-1.578,1.0,0,1,200
R1698,Benefit-framed,"How likely are you to use the council's new online services, which can save residents time?",55+,Woman,-1.597,3.0,0,1,145
R1699,Neutral,How likely are you to use the council's new online services?,18-34,Man,-0.254,1.0,0,1,240
R1700,Benefit-framed,"How likely are you to use the council's new online services, which can save residents time?",18-34,Man,0.717,4.0,0,1,92
R1701,Effort-framed,"How likely are you to use the council's new online services, even if setup takes a few minutes?",35-54,Woman,0.615,4.0,0,1,192
R1702,Neutral,How likely are you to use the council's new online services?,18-34,Man,-0.285,3.0,0,1,288
R1703,Neutral,How likely are you to use the council's new online services?,18-34,Woman,1.315,5.0,0,1,302
R1704,Neutral,How likely are you to use the council's new online services?,35-54,Woman,-0.158,4.0,0,1,193
R1705,Neutral,How likely are you to use the council's new online services?,35-54,Man,0.252,3.0,0,1,240
R1706,Neutral,How likely are you to use the council's new online services?,55+,Woman,-0.231,4.0,0,1,219
R1707,Effort-framed,"How likely are you to use the council's new online services, even if setup takes a few minutes?",18-34,Woman,1.001,4.0,0,1,213
R1708,Neutral,How likely are you to use the council's new online services?,35-54,Woman,0.359,3.0,0,1,149
R1709,Neutral,How likely are you to use the council's new online services?,55+,Man,1.133,4.0,0,1,265
R1710,Neutral,How likely are you to use the council's new online services?,55+,Woman,-1.514,2.0,0,1,251
R1711,Benefit-framed,"How likely are you to use the council's new online services, which can save residents time?",35-54,Man,0.819,3.0,0,1,213
R1712,Benefit-framed,"How likely are you to use the council's new online services, which can save residents time?",55+,Woman,-1.245,3.0,0,1,252
R1713,Neutral,How likely are you to use the council's new online services?,55+,Man,-0.18,3.0,0,1,171
R1714,Neutral,How likely are you to use the council's new online services?,35-54,Woman,0.529,3.0,0,1,272
R1715,Benefit-framed,"How likely are you to use the council's new online services, which can save residents time?",35-54,Man,0.864,4.0,0,1,250
R1716,Benefit-framed,"How likely are you to use the council's new online services, which can save residents time?",55+,Man,-1.409,4.0,0,1,145
R1717,Neutral,How likely are you to use the council's new online services?,18-34,Woman,0.448,3.0,0,1,347
R1718,Effort-framed,"How likely are you to use the council's new online services, even if setup takes a few minutes?",35-54,Man,-0.318,4.0,0,1,156
R1719,Neutral,How likely are you to use the council's new online services?,35-54,Woman,1.282,5.0,0,1,387
R1720,Benefit-framed,"How likely are you to use the council's new online services, which can save residents time?",55+,Man,0.173,3.0,0,1,218
R1721,Neutral,How likely are you to use the council's new online services?,55+,Woman,0.531,3.0,0,1,191
R1722,Benefit-framed,"How likely are you to use the council's new online services, which can save residents time?",18-34,Man,1.441,5.0,0,1,104
R1723,Benefit-framed,"How likely are you to use the council's new online services, which can save residents time?",18-34,Woman,-0.383,5.0,0,1,269
R1724,Effort-framed,"How likely are you to use the council's new online services, even if setup takes a few minutes?",18-34,Woman,-1.281,5.0,0,0,326
R1725,Benefit-framed,"How likely are you to use the council's new online services, which can save residents time?",35-54,Man,-1.879,5.0,0,1,148
R1726,Effort-framed,"How likely are you to use the council's new online services, even if setup takes a few minutes?",55+,Woman,0.254,3.0,0,1,185
R1727,Benefit-framed,"How likely are you to use the council's new online services, which can save residents time?",35-54,Man,0.27,4.0,0,1,225
R1728,Neutral,How likely are you to use the council's new online services?,18-34,Woman,0.645,3.0,0,1,233
R1729,Effort-framed,"How likely are you to use the council's new online services, even if setup takes a few minutes?",18-34,Woman,0.976,3.0,0,1,211
R1730,Benefit-framed,"How likely are you to use the council's new online services, which can save residents time?",55+,Woman,0.823,5.0,0,1,166
R1731,Neutral,How likely are you to use the council's new online services?,35-54,Woman,-0.312,4.0,0,1,338
R1732,Neutral,How likely are you to use the council's new online services?,18-34,Woman,1.178,3.0,0,1,159
R1733,Neutral,How likely are you to use the council's new online services?,18-34,Woman,-1.177,3.0,0,1,165
R1734,Effort-framed,"How likely are you to use the council's new online services, even if setup takes a few minutes?",35-54,Man,0.703,3.0,0,1,222
R1735,Benefit-framed,"How likely are you to use the council's new online services, which can save residents time?",55+,Woman,-0.847,2.0,0,1,130
R1736,Neutral,How likely are you to use the council's new online services?,55+,Man,-0.627,4.0,0,0,162
R1737,Effort-framed,"How likely are you to use the council's new online services, even if setup takes a few minutes?",35-54,Woman,-0.81,1.0,0,1,140
R1738,Neutral,How likely are you to use the council's new online services?,35-54,Woman,-1.011,4.0,0,1,273
R1739,Neutral,How likely are you to use the council's new online services?,55+,Woman,-0.117,2.0,0,1,147
R1740,Benefit-framed,"How likely are you to use the council's new online services, which can save residents time?",35-54,Woman,-0.634,3.0,0,1,155
R1741,Effort-framed,"How likely are you to use the council's new online services, even if setup takes a few minutes?",18-34,Man,0.683,4.0,0,1,168
R1742,Benefit-framed,"How likely are you to use the council's new online services, which can save residents time?",55+,Man,-1.372,2.0,0,1,266
R1743,Neutral,How likely are you to use the council's new online services?,18-34,Woman,0.239,4.0,0,1,169
R1744,Benefit-framed,"How likely are you to use the council's new online services, which can save residents time?",35-54,Man,-0.916,3.0,0,1,146
R1745,Benefit-framed,"How likely are you to use the council's new online services, which can save residents time?",18-34,Woman,0.045,2.0,0,1,122
R1746,Effort-framed,"How likely are you to use the council's new online services, even if setup takes a few minutes?",35-54,Woman,-0.681,4.0,0,1,227
R1747,Benefit-framed,"How likely are you to use the council's new online services, which can save residents time?",35-54,Man,-0.173,4.0,0,1,247
R1748,Effort-framed,"How likely are you to use the council's new online services, even if setup takes a few minutes?",55+,Man,0.572,3.0,0,0,241
R1749,Neutral,How likely are you to use the council's new online services?,18-34,Man,0.826,4.0,0,1,429
R1750,Benefit-framed,"How likely are you to use the council's new online services, which can save residents time?",35-54,Man,-0.711,1.0,0,1,210
R1751,Benefit-framed,"How likely are you to use the council's new online services, which can save residents time?",35-54,Non-binary / self-describe,0.303,,1,1,151
R1752,Benefit-framed,"How likely are you to use the council's new online services, which can save residents time?",35-54,Man,0.236,3.0,0,1,296
R1753,Neutral,How likely are you to use the council's new online services?,35-54,Man,-1.043,3.0,0,1,154
R1754,Effort-framed,"How likely are you to use the council's new online services, even if setup takes a few minutes?",55+,Man,-0.558,2.0,0,1,235
R1755,Neutral,How likely are you to use the council's new online services?,35-54,Man,-1.394,3.0,0,1,341
R1756,Benefit-framed,"How likely are you to use the council's new online services, which can save residents time?",18-34,Woman,-0.85,4.0,0,1,345
R1757,Effort-framed,"How likely are you to use the council's new online services, even if setup takes a few minutes?",35-54,Man,-0.23,4.0,0,1,172
R1758,Neutral,How likely are you to use the council's new online services?,55+,Man,-2.33,1.0,0,1,233
R1759,Effort-framed,"How likely are you to use the council's new online services, even if setup takes a few minutes?",18-34,Man,-0.121,3.0,0,1,163
R1760,Effort-framed,"How likely are you to use the council's new online services, even if setup takes a few minutes?",55+,Man,-1.647,3.0,0,0,253
R1761,Benefit-framed,"How likely are you to use the council's new online services, which can save residents time?",55+,Man,0.597,5.0,0,1,217
R1762,Effort-framed,"How likely are you to use the council's new online services, even if setup takes a few minutes?",55+,Man,0.711,3.0,0,1,153
R1763,Benefit-framed,"How likely are you to use the council's new online services, which can save residents time?",35-54,Man,0.139,5.0,0,1,306
R1764,Benefit-framed,"How likely are you to use the council's new online services, which can save residents time?",18-34,Woman,2.168,5.0,0,1,175
R1765,Effort-framed,"How likely are you to use the council's new online services, even if setup takes a few minutes?",55+,Man,-1.752,1.0,0,1,283
R1766,Neutral,How likely are you to use the council's new online services?,55+,Man,1.662,5.0,0,1,267
R1767,Benefit-framed,"How likely are you to use the council's new online services, which can save residents time?",35-54,Man,0.189,2.0,0,1,144
R1768,Neutral,How likely are you to use the council's new online services?,18-34,Man,-1.263,2.0,0,0,350
R1769,Effort-framed,"How likely are you to use the council's new online services, even if setup takes a few minutes?",35-54,Woman,-0.079,3.0,0,1,243
R1770,Neutral,How likely are you to use the council's new online services?,35-54,Woman,0.78,2.0,0,1,124
R1771,Benefit-framed,"How likely are you to use the council's new online services, which can save residents time?",18-34,Man,1.436,5.0,0,1,177
R1772,Benefit-framed,"How likely are you to use the council's new online services, which can save residents time?",55+,Woman,-2.366,3.0,0,1,174
R1773,Effort-framed,"How likely are you to use the council's new online services, even if setup takes a few minutes?",18-34,Woman,0.4,3.0,0,1,147
R1774,Neutral,How likely are you to use the council's new online services?,55+,Man,0.559,3.0,0,1,191
R1775,Effort-framed,"How likely are you to use the council's new online services, even if setup takes a few minutes?",35-54,Woman,-0.796,3.0,0,1,396
R1776,Effort-framed,"How likely are you to use the council's new online services, even if setup takes a few minutes?",35-54,Woman,-0.451,2.0,0,1,301
R1777,Benefit-framed,"How likely are you to use the council's new online services, which can save residents time?",35-54,Man,0.749,4.0,0,1,170
R1778,Neutral,How likely are you to use the council's new online services?,55+,Woman,-2.235,2.0,0,1,219
R1779,Effort-framed,"How likely are you to use the council's new online services, even if setup takes a few minutes?",18-34,Man,0.844,5.0,0,1,332
R1780,Neutral,How likely are you to use the council's new online services?,55+,Woman,-0.131,3.0,0,0,202
R1781,Effort-framed,"How likely are you to use the council's new online services, even if setup takes a few minutes?",55+,Man,-0.734,5.0,0,1,160
R1782,Neutral,How likely are you to use the council's new online services?,35-54,Woman,0.328,3.0,0,1,148
R1783,Neutral,How likely are you to use the council's new online services?,35-54,Woman,0.377,4.0,0,1,277
R1784,Effort-framed,"How likely are you to use the council's new online services, even if setup takes a few minutes?",35-54,Man,1.805,3.0,0,1,161
R1785,Effort-framed,"How likely are you to use the council's new online services, even if setup takes a few minutes?",35-54,Woman,-0.453,1.0,0,1,248
R1786,Neutral,How likely are you to use the council's new online services?,55+,Man,-0.109,5.0,0,1,212
R1787,Effort-framed,"How likely are you to use the council's new online services, even if setup takes a few minutes?",18-34,Man,-0.766,1.0,0,0,251
R1788,Benefit-framed,"How likely are you to use the council's new online services, which can save residents time?",18-34,Man,-1.186,3.0,0,1,161
R1789,Neutral,How likely are you to use the council's new online services?,55+,Man,0.183,4.0,0,1,188
R1790,Benefit-framed,"How likely are you to use the council's new online services, which can save residents time?",35-54,Woman,-0.412,4.0,0,1,251
R1791,Neutral,How likely are you to use the council's new online services?,55+,Man,-1.085,2.0,0,0,149
R1792,Neutral,How likely are you to use the council's new online services?,18-34,Man,0.993,2.0,0,1,194
R1793,Effort-framed,"How likely are you to use the council's new online services, even if setup takes a few minutes?",18-34,Woman,0.777,5.0,0,1,212
R1794,Effort-framed,"How likely are you to use the council's new online services, even if setup takes a few minutes?",35-54,Man,-1.228,2.0,0,1,199
R1795,Benefit-framed,"How likely are you to use the council's new online services, which can save residents time?",18-34,Woman,-0.318,3.0,0,1,183
R1796,Effort-framed,"How likely are you to use the council's new online services, even if setup takes a few minutes?",18-34,Man,0.87,1.0,0,1,276
R1797,Benefit-framed,"How likely are you to use the council's new online services, which can save residents time?",18-34,Man,0.997,4.0,0,1,221
R1798,Effort-framed,"How likely are you to use the council's new online services, even if setup takes a few minutes?",55+,Man,-0.854,3.0,0,1,157
R1799,Effort-framed,"How likely are you to use the council's new online services, even if setup takes a few minutes?",18-34,Man,-0.014,3.0,0,1,255
R1800,Neutral,How likely are you to use the council's new online services?,55+,Non-binary / self-describe,-1.148,3.0,0,1,270
R1801,Effort-framed,"How likely are you to use the council's new online services, even if setup takes a few minutes?",35-54,Woman,1.709,5.0,0,1,282
R1802,Benefit-framed,"How likely are you to use the council's new online services, which can save residents time?",18-34,Man,-1.09,3.0,0,1,323
R1803,Neutral,How likely are you to use the council's new online services?,55+,Man,0.276,2.0,0,1,273
R1804,Neutral,How likely are you to use the council's new online services?,55+,Woman,-0.19,4.0,0,1,241
R1805,Neutral,How likely are you to use the council's new online services?,55+,Man,-2.247,2.0,0,1,178
R1806,Neutral,How likely are you to use the council's new online services?,35-54,Man,0.999,4.0,0,1,232
R1807,Benefit-framed,"How likely are you to use the council's new online services, which can save residents time?",18-34,Man,0.369,3.0,0,1,195
R1808,Neutral,How likely are you to use the council's new online services?,35-54,Man,-0.206,4.0,0,1,236
R1809,Effort-framed,"How likely are you to use the council's new online services, even if setup takes a few minutes?",18-34,Woman,1.261,5.0,0,1,264
R1810,Effort-framed,"How likely are you to use the council's new online services, even if setup takes a few minutes?",35-54,Woman,-1.686,2.0,0,1,266
R1811,Benefit-framed,"How likely are you to use the council's new online services, which can save residents time?",35-54,Man,0.272,3.0,0,1,338
R1812,Benefit-framed,"How likely are you to use the council's new online services, which can save residents time?",55+,Woman,-0.676,3.0,0,1,234
R1813,Benefit-framed,"How likely are you to use the council's new online services, which can save residents time?",18-34,Woman,-0.145,4.0,0,1,208
R1814,Benefit-framed,"How likely are you to use the council's new online services, which can save residents time?",55+,Woman,0.926,2.0,0,1,369
R1815,Effort-framed,"How likely are you to use the council's new online services, even if setup takes a few minutes?",18-34,Man,0.391,4.0,0,1,184
R1816,Benefit-framed,"How likely are you to use the council's new online services, which can save residents time?",35-54,Man,-0.059,2.0,0,1,151
R1817,Effort-framed,"How likely are you to use the council's new online services, even if setup takes a few minutes?",55+,Woman,0.444,,1,1,280
R1818,Effort-framed,"How likely are you to use the council's new online services, even if setup takes a few minutes?",35-54,Woman,1.644,5.0,0,1,294
R1819,Benefit-framed,"How likely are you to use the council's new online services, which can save residents time?",55+,Woman,-0.709,3.0,0,1,274
R1820,Neutral,How likely are you to use the council's new online services?,18-34,Woman,1.093,5.0,0,1,207
R1821,Neutral,How likely are you to use the council's new online services?,18-34,Woman,-0.573,3.0,0,1,197
R1822,Neutral,How likely are you to use the council's new online services?,18-34,Woman,2.141,4.0,0,1,248
R1823,Neutral,How likely are you to use the council's new online services?,55+,Woman,-0.233,4.0,0,1,159
R1824,Effort-framed,"How likely are you to use the council's new online services, even if setup takes a few minutes?",55+,Woman,-0.009,1.0,0,1,167
R1825,Neutral,How likely are you to use the council's new online services?,55+,Woman,0.923,3.0,0,0,257
R1826,Benefit-framed,"How likely are you to use the council's new online services, which can save residents time?",55+,Woman,-0.957,4.0,0,1,221
R1827,Effort-framed,"How likely are you to use the council's new online services, even if setup takes a few minutes?",35-54,Woman,-0.425,1.0,0,1,281
R1828,Neutral,How likely are you to use the council's new online services?,35-54,Woman,1.098,3.0,0,1,138
R1829,Effort-framed,"How likely are you to use the council's new online services, even if setup takes a few minutes?",55+,Woman,-0.492,2.0,0,0,136
R1830,Effort-framed,"How likely are you to use the council's new online services, even if setup takes a few minutes?",35-54,Man,0.048,,1,1,327
R1831,Effort-framed,"How likely are you to use the council's new online services, even if setup takes a few minutes?",18-34,Man,-0.786,2.0,0,1,282
R1832,Benefit-framed,"How likely are you to use the council's new online services, which can save residents time?",35-54,Man,0.264,3.0,0,1,250
R1833,Neutral,How likely are you to use the council's new online services?,18-34,Woman,1.634,4.0,0,1,134
R1834,Benefit-framed,"How likely are you to use the council's new online services, which can save residents time?",35-54,Man,0.642,3.0,0,1,517
R1835,Neutral,How likely are you to use the council's new online services?,55+,Woman,-1.248,3.0,0,1,243
R1836,Benefit-framed,"How likely are you to use the council's new online services, which can save residents time?",35-54,Man,2.095,5.0,0,1,186
R1837,Effort-framed,"How likely are you to use the council's new online services, even if setup takes a few minutes?",55+,Woman,0.55,4.0,0,1,165
R1838,Effort-framed,"How likely are you to use the council's new online services, even if setup takes a few minutes?",18-34,Man,-1.706,2.0,0,1,223
R1839,Neutral,How likely are you to use the council's new online services?,35-54,Woman,0.076,4.0,0,1,384
R1840,Neutral,How likely are you to use the council's new online services?,35-54,Woman,-0.841,2.0,0,1,173
R1841,Effort-framed,"How likely are you to use the council's new online services, even if setup takes a few minutes?",55+,Man,-0.694,2.0,0,1,138
R1842,Neutral,How likely are you to use the council's new online services?,35-54,Woman,-0.928,2.0,0,1,294
R1843,Neutral,How likely are you to use the council's new online services?,55+,Man,0.292,2.0,0,1,275
R1844,Neutral,How likely are you to use the council's new online services?,55+,Woman,0.204,2.0,0,1,145
R1845,Neutral,How likely are you to use the council's new online services?,55+,Man,-1.696,2.0,0,1,244
R1846,Benefit-framed,"How likely are you to use the council's new online services, which can save residents time?",55+,Man,0.832,3.0,0,1,192
R1847,Benefit-framed,"How likely are you to use the council's new online services, which can save residents time?",18-34,Man,0.97,4.0,0,1,123
R1848,Benefit-framed,"How likely are you to use the council's new online services, which can save residents time?",18-34,Man,-0.17,2.0,0,1,282
R1849,Effort-framed,"How likely are you to use the council's new online services, even if setup takes a few minutes?",35-54,Woman,0.162,3.0,0,1,231
R1850,Neutral,How likely are you to use the council's new online services?,55+,Man,0.179,4.0,0,1,146
R1851,Neutral,How likely are you to use the council's new online services?,55+,Woman,-1.039,5.0,0,1,268
R1852,Effort-framed,"How likely are you to use the council's new online services, even if setup takes a few minutes?",18-34,Woman,-0.873,4.0,0,1,126
R1853,Effort-framed,"How likely are you to use the council's new online services, even if setup takes a few minutes?",55+,Woman,-0.039,1.0,0,1,122
R1854,Neutral,How likely are you to use the council's new online services?,35-54,Man,-1.113,3.0,0,1,403
R1855,Neutral,How likely are you to use the council's new online services?,55+,Woman,-0.733,3.0,0,1,193
R1856,Neutral,How likely are you to use the council's new online services?,18-34,Woman,0.193,3.0,0,1,178
R1857,Benefit-framed,"How likely are you to use the council's new online services, which can save residents time?",18-34,Woman,-0.472,4.0,0,1,303
R1858,Effort-framed,"How likely are you to use the council's new online services, even if setup takes a few minutes?",55+,Man,-0.337,2.0,0,1,259
R1859,Effort-framed,"How likely are you to use the council's new online services, even if setup takes a few minutes?",55+,Woman,0.395,3.0,0,1,235
R1860,Neutral,How likely are you to use the council's new online services?,35-54,Man,-0.35,2.0,0,1,281
R1861,Effort-framed,"How likely are you to use the council's new online services, even if setup takes a few minutes?",35-54,Man,0.608,4.0,0,1,218
R1862,Benefit-framed,"How likely are you to use the council's new online services, which can save residents time?",55+,Woman,-0.165,5.0,0,1,172
R1863,Neutral,How likely are you to use the council's new online services?,18-34,Woman,0.85,3.0,0,1,222
R1864,Neutral,How likely are you to use the council's new online services?,35-54,Woman,0.654,3.0,0,1,226
R1865,Neutral,How likely are you to use the council's new online services?,35-54,Man,0.936,5.0,0,1,415
R1866,Neutral,How likely are you to use the council's new online services?,18-34,Woman,1.64,4.0,0,1,189
R1867,Benefit-framed,"How likely are you to use the council's new online services, which can save residents time?",55+,Woman,-0.641,3.0,0,1,145
R1868,Benefit-framed,"How likely are you to use the council's new online services, which can save residents time?",35-54,Woman,-0.521,2.0,0,1,292
R1869,Benefit-framed,"How likely are you to use the council's new online services, which can save residents time?",55+,Man,-0.509,1.0,0,1,288
R1870,Neutral,How likely are you to use the council's new online services?,35-54,Man,0.501,2.0,0,1,123
R1871,Neutral,How likely are you to use the council's new online services?,55+,Man,0.085,3.0,0,1,269
R1872,Benefit-framed,"How likely are you to use the council's new online services, which can save residents time?",55+,Woman,0.978,4.0,0,1,214
R1873,Effort-framed,"How likely are you to use the council's new online services, even if setup takes a few minutes?",18-34,Woman,-0.281,2.0,0,1,264
R1874,Effort-framed,"How likely are you to use the council's new online services, even if setup takes a few minutes?",55+,Woman,0.424,3.0,0,1,198
R1875,Neutral,How likely are you to use the council's new online services?,35-54,Man,1.946,4.0,0,1,277
R1876,Benefit-framed,"How likely are you to use the council's new online services, which can save residents time?",35-54,Man,2.43,5.0,0,1,169
R1877,Effort-framed,"How likely are you to use the council's new online services, even if setup takes a few minutes?",55+,Man,-0.26,2.0,0,1,156
R1878,Effort-framed,"How likely are you to use the council's new online services, even if setup takes a few minutes?",35-54,Woman,-0.7,3.0,0,1,207
R1879,Effort-framed,"How likely are you to use the council's new online services, even if setup takes a few minutes?",55+,Woman,0.148,,1,1,253
R1880,Effort-framed,"How likely are you to use the council's new online services, even if setup takes a few minutes?",55+,Man,-1.236,3.0,0,1,352
R1881,Benefit-framed,"How likely are you to use the council's new online services, which can save residents time?",18-34,Woman,-0.334,5.0,0,1,372
R1882,Benefit-framed,"How likely are you to use the council's new online services, which can save residents time?",55+,Woman,-1.941,3.0,0,1,372
R1883,Benefit-framed,"How likely are you to use the council's new online services, which can save residents time?",35-54,Man,-0.478,3.0,0,1,131
R1884,Neutral,How likely are you to use the council's new online services?,35-54,Woman,2.47,5.0,0,1,227
R1885,Benefit-framed,"How likely are you to use the council's new online services, which can save residents time?",55+,Woman,0.366,3.0,0,1,331
R1886,Benefit-framed,"How likely are you to use the council's new online services, which can save residents time?",35-54,Man,0.448,4.0,0,1,177
R1887,Benefit-framed,"How likely are you to use the council's new online services, which can save residents time?",35-54,Woman,1.742,4.0,0,1,124
R1888,Neutral,How likely are you to use the council's new online services?,18-34,Man,0.631,3.0,0,1,244
R1889,Neutral,How likely are you to use the council's new online services?,18-34,Woman,0.222,2.0,0,1,169
R1890,Benefit-framed,"How likely are you to use the council's new online services, which can save residents time?",35-54,Woman,0.065,4.0,0,1,270
R1891,Effort-framed,"How likely are you to use the council's new online services, even if setup takes a few minutes?",55+,Woman,-1.074,2.0,0,1,117
R1892,Neutral,How likely are you to use the council's new online services?,55+,Woman,0.47,3.0,0,1,164
R1893,Benefit-framed,"How likely are you to use the council's new online services, which can save residents time?",18-34,Woman,1.012,5.0,0,1,203
R1894,Neutral,How likely are you to use the council's new online services?,35-54,Man,-1.098,4.0,0,1,143
R1895,Effort-framed,"How likely are you to use the council's new online services, even if setup takes a few minutes?",35-54,Man,-0.911,2.0,0,1,235
R1896,Effort-framed,"How likely are you to use the council's new online services, even if setup takes a few minutes?",35-54,Woman,-0.22,3.0,0,1,163
R1897,Benefit-framed,"How likely are you to use the council's new online services, which can save residents time?",35-54,Woman,1.252,4.0,0,1,187
R1898,Benefit-framed,"How likely are you to use the council's new online services, which can save residents time?",35-54,Woman,-0.987,4.0,0,1,191
R1899,Benefit-framed,"How likely are you to use the council's new online services, which can save residents time?",35-54,Non-binary / self-describe,-0.476,5.0,0,1,118
R1900,Effort-framed,"How likely are you to use the council's new online services, even if setup takes a few minutes?",18-34,Man,1.821,4.0,0,1,217
R1901,Effort-framed,"How likely are you to use the council's new online services, even if setup takes a few minutes?",18-34,Man,-1.133,2.0,0,1,214
R1902,Effort-framed,"How likely are you to use the council's new online services, even if setup takes a few minutes?",18-34,Woman,-0.614,2.0,0,1,270
R1903,Effort-framed,"How likely are you to use the council's new online services, even if setup takes a few minutes?",18-34,Woman,0.434,3.0,0,1,290
R1904,Neutral,How likely are you to use the council's new online services?,18-34,Man,-1.264,3.0,0,1,274
R1905,Benefit-framed,"How likely are you to use the council's new online services, which can save residents time?",18-34,Woman,1.898,4.0,0,1,237
R1906,Neutral,How likely are you to use the council's new online services?,18-34,Woman,-0.2,2.0,0,1,212
R1907,Benefit-framed,"How likely are you to use the council's new online services, which can save residents time?",35-54,Woman,0.789,4.0,0,1,133
R1908,Effort-framed,"How likely are you to use the council's new online services, even if setup takes a few minutes?",55+,Woman,-1.76,,1,1,200
R1909,Benefit-framed,"How likely are you to use the council's new online services, which can save residents time?",35-54,Woman,-0.443,5.0,0,1,286
R1910,Effort-framed,"How likely are you to use the council's new online services, even if setup takes a few minutes?",55+,Man,-0.287,1.0,0,1,304
R1911,Benefit-framed,"How likely are you to use the council's new online services, which can save residents time?",18-34,Woman,0.321,,1,1,222
R1912,Benefit-framed,"How likely are you to use the council's new online services, which can save residents time?",55+,Woman,-1.877,4.0,0,1,146
R1913,Benefit-framed,"How likely are you to use the council's new online services, which can save residents time?",55+,Woman,0.548,4.0,0,1,166
R1914,Neutral,How likely are you to use the council's new online services?,18-34,Non-binary / self-describe,-0.398,1.0,0,1,135
R1915,Neutral,How likely are you to use the council's new online services?,55+,Man,-0.385,3.0,0,1,159
R1916,Benefit-framed,"How likely are you to use the council's new online services, which can save residents time?",55+,Woman,0.395,4.0,0,1,301
R1917,Effort-framed,"How likely are you to use the council's new online services, even if setup takes a few minutes?",55+,Man,-2.078,2.0,0,1,174
R1918,Neutral,How likely are you to use the council's new online services?,18-34,Woman,-0.807,3.0,0,1,306
R1919,Benefit-framed,"How likely are you to use the council's new online services, which can save residents time?",35-54,Man,-0.227,3.0,0,1,254
R1920,Effort-framed,"How likely are you to use the council's new online services, even if setup takes a few minutes?",55+,Man,0.226,4.0,0,1,205
R1921,Effort-framed,"How likely are you to use the council's new online services, even if setup takes a few minutes?",35-54,Man,0.77,5.0,0,1,188
R1922,Benefit-framed,"How likely are you to use the council's new online services, which can save residents time?",18-34,Man,0.078,4.0,0,1,264
R1923,Benefit-framed,"How likely are you to use the council's new online services, which can save residents time?",35-54,Man,-1.53,4.0,0,1,244
R1924,Neutral,How likely are you to use the council's new online services?,18-34,Man,1.32,2.0,0,1,128
R1925,Benefit-framed,"How likely are you to use the council's new online services, which can save residents time?",35-54,Woman,-0.687,4.0,0,1,246
R1926,Benefit-framed,"How likely are you to use the council's new online services, which can save residents time?",35-54,Woman,0.501,5.0,0,1,272
R1927,Effort-framed,"How likely are you to use the council's new online services, even if setup takes a few minutes?",55+,Man,0.135,4.0,0,1,161
R1928,Benefit-framed,"How likely are you to use the council's new online services, which can save residents time?",55+,Man,-1.837,2.0,0,0,293
R1929,Effort-framed,"How likely are you to use the council's new online services, even if setup takes a few minutes?",55+,Woman,0.397,2.0,0,1,226
R1930,Effort-framed,"How likely are you to use the council's new online services, even if setup takes a few minutes?",35-54,Man,1.25,4.0,0,1,286
R1931,Neutral,How likely are you to use the council's new online services?,55+,Man,-0.728,4.0,0,1,125
R1932,Effort-framed,"How likely are you to use the council's new online services, even if setup takes a few minutes?",35-54,Woman,-1.719,3.0,0,1,275
R1933,Neutral,How likely are you to use the council's new online services?,18-34,Woman,0.01,4.0,0,1,314
R1934,Effort-framed,"How likely are you to use the council's new online services, even if setup takes a few minutes?",18-34,Man,0.295,2.0,0,1,172
R1935,Neutral,How likely are you to use the council's new online services?,35-54,Non-binary / self-describe,-0.146,1.0,0,1,127
R1936,Effort-framed,"How likely are you to use the council's new online services, even if setup takes a few minutes?",18-34,Man,1.596,2.0,0,0,330
R1937,Effort-framed,"How likely are you to use the council's new online services, even if setup takes a few minutes?",55+,Woman,-2.068,1.0,0,1,362
R1938,Effort-framed,"How likely are you to use the council's new online services, even if setup takes a few minutes?",35-54,Woman,1.314,3.0,0,1,137
R1939,Benefit-framed,"How likely are you to use the council's new online services, which can save residents time?",55+,Woman,-0.399,2.0,0,1,329
R1940,Effort-framed,"How likely are you to use the council's new online services, even if setup takes a few minutes?",35-54,Woman,-1.44,3.0,0,1,295
R1941,Neutral,How likely are you to use the council's new online services?,18-34,Man,-0.519,3.0,0,1,181
R1942,Benefit-framed,"How likely are you to use the council's new online services, which can save residents time?",55+,Man,-1.461,2.0,0,1,443
R1943,Effort-framed,"How likely are you to use the council's new online services, even if setup takes a few minutes?",55+,Man,-2.5,1.0,0,1,115
R1944,Neutral,How likely are you to use the council's new online services?,18-34,Woman,1.625,4.0,0,1,300
R1945,Neutral,How likely are you to use the council's new online services?,55+,Man,-2.093,2.0,0,1,131
R1946,Neutral,How likely are you to use the council's new online services?,35-54,Man,1.759,,1,1,172
R1947,Effort-framed,"How likely are you to use the council's new online services, even if setup takes a few minutes?",35-54,Man,-0.117,5.0,0,1,245
R1948,Effort-framed,"How likely are you to use the council's new online services, even if setup takes a few minutes?",35-54,Man,1.107,2.0,0,0,318
R1949,Benefit-framed,"How likely are you to use the council's new online services, which can save residents time?",55+,Man,-0.307,2.0,0,1,220
R1950,Effort-framed,"How likely are you to use the council's new online services, even if setup takes a few minutes?",18-34,Woman,0.449,1.0,0,1,268
R1951,Neutral,How likely are you to use the council's new online services?,35-54,Man,-1.941,3.0,0,1,384
R1952,Effort-framed,"How likely are you to use the council's new online services, even if setup takes a few minutes?",55+,Woman,-1.572,2.0,0,1,184
R1953,Effort-framed,"How likely are you to use the council's new online services, even if setup takes a few minutes?",35-54,Man,-0.834,1.0,0,1,364
R1954,Benefit-framed,"How likely are you to use the council's new online services, which can save residents time?",55+,Woman,-2.2,1.0,0,1,242
R1955,Neutral,How likely are you to use the council's new online services?,18-34,Woman,-0.017,4.0,0,1,192
R1956,Neutral,How likely are you to use the council's new online services?,55+,Man,0.268,2.0,0,1,134
R1957,Benefit-framed,"How likely are you to use the council's new online services, which can save residents time?",55+,Man,0.718,4.0,0,1,374
R1958,Neutral,How likely are you to use the council's new online services?,55+,Woman,-0.134,3.0,0,0,187
R1959,Effort-framed,"How likely are you to use the council's new online services, even if setup takes a few minutes?",18-34,Man,-0.371,2.0,0,1,330
R1960,Effort-framed,"How likely are you to use the council's new online services, even if setup takes a few minutes?",18-34,Woman,0.236,1.0,0,1,128
R1961,Neutral,How likely are you to use the council's new online services?,55+,Woman,-2.24,2.0,0,1,274
R1962,Benefit-framed,"How likely are you to use the council's new online services, which can save residents time?",35-54,Woman,0.599,5.0,0,1,210
R1963,Effort-framed,"How likely are you to use the council's new online services, even if setup takes a few minutes?",18-34,Woman,0.21,3.0,0,1,192
R1964,Neutral,How likely are you to use the council's new online services?,35-54,Man,0.354,3.0,0,1,152
R1965,Benefit-framed,"How likely are you to use the council's new online services, which can save residents time?",35-54,Man,0.358,4.0,0,1,211
R1966,Neutral,How likely are you to use the council's new online services?,35-54,Woman,-1.347,4.0,0,1,200
R1967,Neutral,How likely are you to use the council's new online services?,18-34,Man,2.146,,1,1,229
R1968,Effort-framed,"How likely are you to use the council's new online services, even if setup takes a few minutes?",55+,Man,-0.084,1.0,0,1,254
R1969,Benefit-framed,"How likely are you to use the council's new online services, which can save residents time?",35-54,Man,0.324,4.0,0,1,302
R1970,Neutral,How likely are you to use the council's new online services?,55+,Man,-1.306,2.0,0,1,481
R1971,Effort-framed,"How likely are you to use the council's new online services, even if setup takes a few minutes?",55+,Man,-1.911,2.0,0,1,367
R1972,Benefit-framed,"How likely are you to use the council's new online services, which can save residents time?",18-34,Man,0.547,4.0,0,1,214
R1973,Neutral,How likely are you to use the council's new online services?,55+,Woman,0.766,3.0,0,1,287
R1974,Benefit-framed,"How likely are you to use the council's new online services, which can save residents time?",35-54,Woman,-1.827,4.0,0,1,288
R1975,Benefit-framed,"How likely are you to use the council's new online services, which can save residents time?",18-34,Woman,0.121,4.0,0,1,118
R1976,Neutral,How likely are you to use the council's new online services?,35-54,Woman,-1.244,3.0,0,1,174
R1977,Benefit-framed,"How likely are you to use the council's new online services, which can save residents time?",18-34,Man,-0.309,2.0,0,1,252
R1978,Effort-framed,"How likely are you to use the council's new online services, even if setup takes a few minutes?",55+,Woman,-0.363,3.0,0,1,229
R1979,Effort-framed,"How likely are you to use the council's new online services, even if setup takes a few minutes?",55+,Man,1.445,3.0,0,1,301
R1980,Neutral,How likely are you to use the council's new online services?,35-54,Woman,1.332,5.0,0,1,258
R1981,Benefit-framed,"How likely are you to use the council's new online services, which can save residents time?",55+,Man,-0.494,4.0,0,1,166
R1982,Neutral,How likely are you to use the council's new online services?,18-34,Woman,-0.34,2.0,0,1,255
R1983,Effort-framed,"How likely are you to use the council's new online services, even if setup takes a few minutes?",55+,Woman,-1.483,1.0,0,1,254
R1984,Neutral,How likely are you to use the council's new online services?,35-54,Woman,-0.312,4.0,0,1,146
R1985,Effort-framed,"How likely are you to use the council's new online services, even if setup takes a few minutes?",18-34,Man,-0.363,3.0,0,1,255
R1986,Effort-framed,"How likely are you to use the council's new online services, even if setup takes a few minutes?",55+,Woman,0.437,2.0,0,1,262
R1987,Neutral,How likely are you to use the council's new online services?,35-54,Man,-0.901,2.0,0,1,182
R1988,Effort-framed,"How likely are you to use the council's new online services, even if setup takes a few minutes?",55+,Non-binary / self-describe,0.282,4.0,0,1,265
R1989,Effort-framed,"How likely are you to use the council's new online services, even if setup takes a few minutes?",55+,Woman,1.252,3.0,0,1,215
R1990,Benefit-framed,"How likely are you to use the council's new online services, which can save residents time?",55+,Woman,1.171,3.0,0,1,133
R1991,Neutral,How likely are you to use the council's new online services?,18-34,Woman,1.543,5.0,0,1,141
R1992,Benefit-framed,"How likely are you to use the council's new online services, which can save residents time?",35-54,Woman,-1.333,1.0,0,1,167
R1993,Effort-framed,"How likely are you to use the council's new online services, even if setup takes a few minutes?",35-54,Man,-0.334,3.0,0,1,248
R1994,Benefit-framed,"How likely are you to use the council's new online services, which can save residents time?",18-34,Woman,-0.074,4.0,0,1,176
R1995,Effort-framed,"How likely are you to use the council's new online services, even if setup takes a few minutes?",18-34,Man,0.413,3.0,0,1,208
R1996,Neutral,How likely are you to use the council's new online services?,55+,Man,-1.033,5.0,0,1,96
R1997,Neutral,How likely are you to use the council's new online services?,35-54,Man,-0.565,5.0,0,1,193
R1998,Benefit-framed,"How likely are you to use the council's new online services, which can save residents time?",55+,Woman,0.59,2.0,0,1,356
R1999,Effort-framed,"How likely are you to use the council's new online services, even if setup takes a few minutes?",18-34,Woman,-1.798,2.0,0,1,160
R2000,Neutral,How likely are you to use the council's new online services?,35-54,Man,1.053,3.0,0,1,258
R2001,Benefit-framed,"How likely are you to use the council's new online services, which can save residents time?",35-54,Woman,-0.145,,1,1,159
R2002,Effort-framed,"How likely are you to use the council's new online services, even if setup takes a few minutes?",55+,Woman,1.603,3.0,0,1,264
R2003,Benefit-framed,"How likely are you to use the council's new online services, which can save residents time?",18-34,Woman,-0.362,4.0,0,1,173
R2004,Neutral,How likely are you to use the council's new online services?,35-54,Woman,-1.233,3.0,0,1,156
R2005,Benefit-framed,"How likely are you to use the council's new online services, which can save residents time?",18-34,Man,0.02,4.0,0,1,148
R2006,Benefit-framed,"How likely are you to use the council's new online services, which can save residents time?",18-34,Woman,2.5,5.0,0,1,187
R2007,Neutral,How likely are you to use the council's new online services?,35-54,Man,1.788,4.0,0,1,234
R2008,Benefit-framed,"How likely are you to use the council's new online services, which can save residents time?",35-54,Woman,2.104,4.0,0,1,245
R2009,Effort-framed,"How likely are you to use the council's new online services, even if setup takes a few minutes?",55+,Man,-2.5,1.0,0,1,297
R2010,Effort-framed,"How likely are you to use the council's new online services, even if setup takes a few minutes?",55+,Woman,0.935,4.0,0,1,326
R2011,Effort-framed,"How likely are you to use the council's new online services, even if setup takes a few minutes?",18-34,Woman,1.909,4.0,0,1,256
R2012,Effort-framed,"How likely are you to use the council's new online services, even if setup takes a few minutes?",18-34,Man,0.906,3.0,0,1,178
R2013,Benefit-framed,"How likely are you to use the council's new online services, which can save residents time?",55+,Woman,-1.096,3.0,0,1,296
R2014,Neutral,How likely are you to use the council's new online services?,35-54,Woman,1.204,3.0,0,1,624
R2015,Effort-framed,"How likely are you to use the council's new online services, even if setup takes a few minutes?",55+,Woman,-0.347,,1,1,187
R2016,Benefit-framed,"How likely are you to use the council's new online services, which can save residents time?",35-54,Woman,0.568,,1,1,378
R2017,Neutral,How likely are you to use the council's new online services?,55+,Woman,-2.182,2.0,0,1,165
R2018,Neutral,How likely are you to use the council's new online services?,35-54,Woman,-0.995,3.0,0,1,273
R2019,Neutral,How likely are you to use the council's new online services?,35-54,Man,-0.224,4.0,0,1,266
R2020,Effort-framed,"How likely are you to use the council's new online services, even if setup takes a few minutes?",35-54,Man,-0.064,5.0,0,1,185
R2021,Neutral,How likely are you to use the council's new online services?,18-34,Woman,1.502,5.0,0,1,253
R2022,Neutral,How likely are you to use the council's new online services?,55+,Man,-0.272,2.0,0,1,346
R2023,Effort-framed,"How likely are you to use the council's new online services, even if setup takes a few minutes?",18-34,Man,1.693,3.0,0,1,167
R2024,Neutral,How likely are you to use the council's new online services?,35-54,Woman,0.415,3.0,0,1,150
R2025,Neutral,How likely are you to use the council's new online services?,18-34,Woman,0.359,5.0,0,1,273
R2026,Effort-framed,"How likely are you to use the council's new online services, even if setup takes a few minutes?",18-34,Woman,2.026,3.0,0,1,194
R2027,Neutral,How likely are you to use the council's new online services?,18-34,Woman,0.541,1.0,0,1,144
R2028,Neutral,How likely are you to use the council's new online services?,55+,Woman,-0.024,3.0,0,1,290
R2029,Benefit-framed,"How likely are you to use the council's new online services, which can save residents time?",18-34,Woman,0.542,5.0,0,1,130
R2030,Benefit-framed,"How likely are you to use the council's new online services, which can save residents time?",35-54,Woman,1.324,5.0,0,1,242
R2031,Benefit-framed,"How likely are you to use the council's new online services, which can save residents time?",35-54,Woman,0.884,4.0,0,1,109
R2032,Effort-framed,"How likely are you to use the council's new online services, even if setup takes a few minutes?",35-54,Man,1.299,4.0,0,1,214
R2033,Benefit-framed,"How likely are you to use the council's new online services, which can save residents time?",18-34,Man,-1.119,3.0,0,1,153
R2034,Effort-framed,"How likely are you to use the council's new online services, even if setup takes a few minutes?",35-54,Man,0.485,3.0,0,1,234
R2035,Effort-framed,"How likely are you to use the council's new online services, even if setup takes a few minutes?",35-54,Man,-0.522,2.0,0,1,460
R2036,Neutral,How likely are you to use the council's new online services?,35-54,Woman,-0.582,2.0,0,1,343
R2037,Effort-framed,"How likely are you to use the council's new online services, even if setup takes a few minutes?",35-54,Man,0.993,4.0,0,1,212
R2038,Neutral,How likely are you to use the council's new online services?,35-54,Woman,1.277,4.0,0,1,237
R2039,Effort-framed,"How likely are you to use the council's new online services, even if setup takes a few minutes?",55+,Man,0.126,2.0,0,1,227
R2040,Benefit-framed,"How likely are you to use the council's new online services, which can save residents time?",18-34,Man,-0.13,3.0,0,1,194
R2041,Effort-framed,"How likely are you to use the council's new online services, even if setup takes a few minutes?",35-54,Man,0.72,3.0,0,1,219
R2042,Benefit-framed,"How likely are you to use the council's new online services, which can save residents time?",35-54,Man,2.033,5.0,0,1,181
R2043,Benefit-framed,"How likely are you to use the council's new online services, which can save residents time?",18-34,Woman,-0.427,4.0,0,1,269
R2044,Neutral,How likely are you to use the council's new online services?,55+,Woman,0.094,4.0,0,1,193
R2045,Benefit-framed,"How likely are you to use the council's new online services, which can save residents time?",18-34,Woman,0.572,,1,1,240
R2046,Benefit-framed,"How likely are you to use the council's new online services, which can save residents time?",18-34,Man,0.669,4.0,0,1,232
R2047,Effort-framed,"How likely are you to use the council's new online services, even if setup takes a few minutes?",55+,Woman,-0.137,3.0,0,1,175
R2048,Effort-framed,"How likely are you to use the council's new online services, even if setup takes a few minutes?",18-34,Woman,0.021,3.0,0,1,239
R2049,Benefit-framed,"How likely are you to use the council's new online services, which can save residents time?",35-54,Woman,-0.607,5.0,0,1,458
R2050,Benefit-framed,"How likely are you to use the council's new online services, which can save residents time?",55+,Man,-0.905,5.0,0,1,356
R2051,Benefit-framed,"How likely are you to use the council's new online services, which can save residents time?",18-34,Woman,0.997,5.0,0,1,227
R2052,Benefit-framed,"How likely are you to use the council's new online services, which can save residents time?",55+,Woman,-2.5,4.0,0,1,317
R2053,Effort-framed,"How likely are you to use the council's new online services, even if setup takes a few minutes?",35-54,Man,0.159,3.0,0,1,252
R2054,Neutral,How likely are you to use the council's new online services?,55+,Man,-2.5,1.0,0,1,123
R2055,Benefit-framed,"How likely are you to use the council's new online services, which can save residents time?",18-34,Man,0.057,4.0,0,1,285
R2056,Neutral,How likely are you to use the council's new online services?,55+,Woman,0.165,4.0,0,1,280
R2057,Neutral,How likely are you to use the council's new online services?,18-34,Man,1.522,4.0,0,1,182
R2058,Benefit-framed,"How likely are you to use the council's new online services, which can save residents time?",55+,Man,1.085,4.0,0,1,143
R2059,Benefit-framed,"How likely are you to use the council's new online services, which can save residents time?",18-34,Woman,0.264,2.0,0,1,190
R2060,Neutral,How likely are you to use the council's new online services?,55+,Woman,-1.027,4.0,0,1,97
R2061,Effort-framed,"How likely are you to use the council's new online services, even if setup takes a few minutes?",35-54,Woman,-0.611,1.0,0,1,186
R2062,Benefit-framed,"How likely are you to use the council's new online services, which can save residents time?",18-34,Woman,-0.066,2.0,0,1,160
R2063,Neutral,How likely are you to use the council's new online services?,35-54,Woman,-0.299,3.0,0,1,244
R2064,Effort-framed,"How likely are you to use the council's new online services, even if setup takes a few minutes?",55+,Man,-0.076,1.0,0,1,137
R2065,Neutral,How likely are you to use the council's new online services?,18-34,Man,0.123,2.0,0,1,233
R2066,Neutral,How likely are you to use the council's new online services?,18-34,Man,0.99,3.0,0,1,215
R2067,Neutral,How likely are you to use the council's new online services?,55+,Man,0.783,5.0,0,1,246
R2068,Neutral,How likely are you to use the council's new online services?,18-34,Man,-1.563,5.0,0,1,267
R2069,Effort-framed,"How likely are you to use the council's new online services, even if setup takes a few minutes?",35-54,Woman,-1.12,4.0,0,1,125
R2070,Effort-framed,"How likely are you to use the council's new online services, even if setup takes a few minutes?",35-54,Man,-0.999,3.0,0,1,272
R2071,Effort-framed,"How likely are you to use the council's new online services, even if setup takes a few minutes?",18-34,Woman,0.185,2.0,0,1,179
R2072,Neutral,How likely are you to use the council's new online services?,35-54,Woman,2.5,4.0,0,1,186
R2073,Neutral,How likely are you to use the council's new online services?,35-54,Woman,-1.362,1.0,0,1,225
R2074,Neutral,How likely are you to use the council's new online services?,55+,Woman,-0.233,4.0,0,1,363
R2075,Effort-framed,"How likely are you to use the council's new online services, even if setup takes a few minutes?",55+,Woman,-0.5,2.0,0,1,262
R2076,Benefit-framed,"How likely are you to use the council's new online services, which can save residents time?",18-34,Woman,0.377,3.0,0,1,388
R2077,Benefit-framed,"How likely are you to use the council's new online services, which can save residents time?",35-54,Woman,-0.021,4.0,0,1,195
R2078,Effort-framed,"How likely are you to use the council's new online services, even if setup takes a few minutes?",55+,Woman,-0.282,2.0,0,1,281
R2079,Effort-framed,"How likely are you to use the council's new online services, even if setup takes a few minutes?",18-34,Woman,-1.272,3.0,0,1,219
R2080,Benefit-framed,"How likely are you to use the council's new online services, which can save residents time?",55+,Man,-0.244,4.0,0,1,449
R2081,Benefit-framed,"How likely are you to use the council's new online services, which can save residents time?",55+,Woman,1.437,4.0,0,1,384
R2082,Neutral,How likely are you to use the council's new online services?,18-34,Man,2.056,3.0,0,1,312
R2083,Benefit-framed,"How likely are you to use the council's new online services, which can save residents time?",18-34,Woman,0.386,4.0,0,1,189
R2084,Effort-framed,"How likely are you to use the council's new online services, even if setup takes a few minutes?",55+,Woman,-0.24,2.0,0,1,237
R2085,Effort-framed,"How likely are you to use the council's new online services, even if setup takes a few minutes?",35-54,Woman,-0.017,4.0,0,1,275
R2086,Neutral,How likely are you to use the council's new online services?,18-34,Woman,1.175,1.0,0,1,157
R2087,Benefit-framed,"How likely are you to use the council's new online services, which can save residents time?",55+,Man,-0.418,3.0,0,1,293
R2088,Benefit-framed,"How likely are you to use the council's new online services, which can save residents time?",18-34,Woman,-0.578,3.0,0,1,247
R2089,Benefit-framed,"How likely are you to use the council's new online services, which can save residents time?",35-54,Man,-0.918,5.0,0,1,326
R2090,Effort-framed,"How likely are you to use the council's new online services, even if setup takes a few minutes?",35-54,Woman,0.09,1.0,0,1,188
R2091,Neutral,How likely are you to use the council's new online services?,55+,Woman,-0.528,2.0,0,1,230
R2092,Effort-framed,"How likely are you to use the council's new online services, even if setup takes a few minutes?",55+,Man,-2.493,2.0,0,1,394
R2093,Effort-framed,"How likely are you to use the council's new online services, even if setup takes a few minutes?",55+,Man,0.35,2.0,0,1,218
R2094,Neutral,How likely are you to use the council's new online services?,35-54,Man,0.882,5.0,0,1,244
R2095,Neutral,How likely are you to use the council's new online services?,18-34,Woman,-0.343,4.0,0,1,352
R2096,Benefit-framed,"How likely are you to use the council's new online services, which can save residents time?",55+,Man,-0.097,3.0,0,1,194
R2097,Neutral,How likely are you to use the council's new online services?,18-34,Woman,0.447,4.0,0,1,201
R2098,Neutral,How likely are you to use the council's new online services?,35-54,Man,0.51,3.0,0,1,389
R2099,Neutral,How likely are you to use the council's new online services?,18-34,Non-binary / self-describe,2.5,5.0,0,1,209
R2100,Neutral,How likely are you to use the council's new online services?,18-34,Man,2.216,4.0,0,1,164
R2101,Neutral,How likely are you to use the council's new online services?,18-34,Woman,-0.857,1.0,0,1,207
R2102,Benefit-framed,"How likely are you to use the council's new online services, which can save residents time?",18-34,Woman,0.464,3.0,0,1,257
R2103,Effort-framed,"How likely are you to use the council's new online services, even if setup takes a few minutes?",35-54,Non-binary / self-describe,0.231,4.0,0,1,192
R2104,Benefit-framed,"How likely are you to use the council's new online services, which can save residents time?",18-34,Man,2.195,3.0,0,1,168
R2105,Effort-framed,"How likely are you to use the council's new online services, even if setup takes a few minutes?",55+,Man,-2.183,1.0,0,1,147
R2106,Benefit-framed,"How likely are you to use the council's new online services, which can save residents time?",35-54,Woman,0.227,4.0,0,1,235
R2107,Effort-framed,"How likely are you to use the council's new online services, even if setup takes a few minutes?",35-54,Man,-0.065,,1,1,236
R2108,Benefit-framed,"How likely are you to use the council's new online services, which can save residents time?",18-34,Man,-2.373,2.0,0,1,181
R2109,Neutral,How likely are you to use the council's new online services?,18-34,Man,-0.86,4.0,0,1,170
R2110,Effort-framed,"How likely are you to use the council's new online services, even if setup takes a few minutes?",35-54,Woman,-1.162,2.0,0,1,163
R2111,Neutral,How likely are you to use the council's new online services?,55+,Man,-1.015,,1,1,187
R2112,Benefit-framed,"How likely are you to use the council's new online services, which can save residents time?",18-34,Woman,0.453,2.0,0,1,161
R2113,Benefit-framed,"How likely are you to use the council's new online services, which can save residents time?",35-54,Man,0.691,5.0,0,1,263
R2114,Benefit-framed,"How likely are you to use the council's new online services, which can save residents time?",18-34,Man,0.59,5.0,0,1,209
R2115,Effort-framed,"How likely are you to use the council's new online services, even if setup takes a few minutes?",55+,Man,0.053,1.0,0,1,188
R2116,Effort-framed,"How likely are you to use the council's new online services, even if setup takes a few minutes?",35-54,Man,0.598,3.0,0,1,261
R2117,Benefit-framed,"How likely are you to use the council's new online services, which can save residents time?",35-54,Woman,-2.256,2.0,0,1,193
R2118,Neutral,How likely are you to use the council's new online services?,18-34,Woman,-1.817,2.0,0,1,248
R2119,Neutral,How likely are you to use the council's new online services?,35-54,Man,0.865,4.0,0,1,147
R2120,Benefit-framed,"How likely are you to use the council's new online services, which can save residents time?",35-54,Woman,0.582,3.0,0,1,298
R2121,Effort-framed,"How likely are you to use the council's new online services, even if setup takes a few minutes?",55+,Man,-1.81,1.0,0,1,191
R2122,Neutral,How likely are you to use the council's new online services?,18-34,Man,0.459,3.0,0,1,260
R2123,Benefit-framed,"How likely are you to use the council's new online services, which can save residents time?",55+,Man,-0.207,3.0,0,1,169
R2124,Benefit-framed,"How likely are you to use the council's new online services, which can save residents time?",18-34,Woman,-0.121,2.0,0,1,257
R2125,Neutral,How likely are you to use the council's new online services?,55+,Woman,-0.378,5.0,0,0,256
R2126,Effort-framed,"How likely are you to use the council's new online services, even if setup takes a few minutes?",55+,Man,0.187,2.0,0,0,171
R2127,Neutral,How likely are you to use the council's new online services?,55+,Man,-0.133,1.0,0,1,180
R2128,Effort-framed,"How likely are you to use the council's new online services, even if setup takes a few minutes?",18-34,Man,1.233,4.0,0,1,204
R2129,Benefit-framed,"How likely are you to use the council's new online services, which can save residents time?",35-54,Woman,0.044,3.0,0,1,238
R2130,Neutral,How likely are you to use the council's new online services?,18-34,Woman,0.128,3.0,0,1,319
R2131,Effort-framed,"How likely are you to use the council's new online services, even if setup takes a few minutes?",55+,Man,-0.333,5.0,0,1,141
R2132,Benefit-framed,"How likely are you to use the council's new online services, which can save residents time?",55+,Woman,-0.266,5.0,0,1,261
R2133,Benefit-framed,"How likely are you to use the council's new online services, which can save residents time?",55+,Woman,0.202,4.0,0,1,175
R2134,Effort-framed,"How likely are you to use the council's new online services, even if setup takes a few minutes?",35-54,Man,1.294,4.0,0,1,296
R2135,Neutral,How likely are you to use the council's new online services?,18-34,Woman,0.383,5.0,0,1,192
R2136,Neutral,How likely are you to use the council's new online services?,35-54,Woman,1.075,4.0,0,1,193
R2137,Neutral,How likely are you to use the council's new online services?,18-34,Man,1.191,3.0,0,1,220
R2138,Neutral,How likely are you to use the council's new online services?,55+,Woman,-0.177,2.0,0,1,225
R2139,Effort-framed,"How likely are you to use the council's new online services, even if setup takes a few minutes?",55+,Woman,0.09,2.0,0,0,167
R2140,Neutral,How likely are you to use the council's new online services?,35-54,Man,0.212,5.0,0,1,154
R2141,Benefit-framed,"How likely are you to use the council's new online services, which can save residents time?",35-54,Woman,0.673,3.0,0,1,201
R2142,Effort-framed,"How likely are you to use the council's new online services, even if setup takes a few minutes?",18-34,Woman,1.882,3.0,0,1,252
R2143,Neutral,How likely are you to use the council's new online services?,55+,Woman,-1.141,2.0,0,1,158
R2144,Effort-framed,"How likely are you to use the council's new online services, even if setup takes a few minutes?",55+,Woman,-0.125,,1,1,175
R2145,Effort-framed,"How likely are you to use the council's new online services, even if setup takes a few minutes?",35-54,Man,-0.568,3.0,0,1,132
R2146,Effort-framed,"How likely are you to use the council's new online services, even if setup takes a few minutes?",18-34,Man,1.365,4.0,0,1,210
R2147,Neutral,How likely are you to use the council's new online services?,55+,Man,0.779,2.0,0,1,294
R2148,Neutral,How likely are you to use the council's new online services?,55+,Woman,-1.588,3.0,0,1,263
R2149,Benefit-framed,"How likely are you to use the council's new online services, which can save residents time?",18-34,Woman,1.436,5.0,0,1,284
R2150,Effort-framed,"How likely are you to use the council's new online services, even if setup takes a few minutes?",35-54,Non-binary / self-describe,-2.282,3.0,0,1,246
R2151,Benefit-framed,"How likely are you to use the council's new online services, which can save residents time?",35-54,Man,0.616,3.0,0,1,295
R2152,Effort-framed,"How likely are you to use the council's new online services, even if setup takes a few minutes?",35-54,Woman,0.941,3.0,0,1,154
R2153,Effort-framed,"How likely are you to use the council's new online services, even if setup takes a few minutes?",18-34,Man,-0.739,2.0,0,1,179
R2154,Benefit-framed,"How likely are you to use the council's new online services, which can save residents time?",55+,Man,0.06,4.0,0,1,151
R2155,Benefit-framed,"How likely are you to use the council's new online services, which can save residents time?",18-34,Man,0.448,4.0,0,1,234
R2156,Effort-framed,"How likely are you to use the council's new online services, even if setup takes a few minutes?",55+,Non-binary / self-describe,-2.5,1.0,0,1,190
R2157,Effort-framed,"How likely are you to use the council's new online services, even if setup takes a few minutes?",55+,Woman,-1.637,1.0,0,1,270
R2158,Neutral,How likely are you to use the council's new online services?,18-34,Woman,-2.177,3.0,0,1,260
R2159,Neutral,How likely are you to use the council's new online services?,18-34,Woman,-0.439,3.0,0,1,239
R2160,Benefit-framed,"How likely are you to use the council's new online services, which can save residents time?",55+,Man,-0.895,3.0,0,1,152
R2161,Effort-framed,"How likely are you to use the council's new online services, even if setup takes a few minutes?",55+,Woman,-0.856,2.0,0,1,345
R2162,Neutral,How likely are you to use the council's new online services?,18-34,Man,1.374,5.0,0,1,187
R2163,Effort-framed,"How likely are you to use the council's new online services, even if setup takes a few minutes?",18-34,Woman,-0.121,2.0,0,1,114
R2164,Effort-framed,"How likely are you to use the council's new online services, even if setup takes a few minutes?",18-34,Woman,0.663,2.0,0,1,273
R2165,Neutral,How likely are you to use the council's new online services?,18-34,Non-binary / self-describe,-1.258,3.0,0,1,192
R2166,Effort-framed,"How likely are you to use the council's new online services, even if setup takes a few minutes?",55+,Woman,-0.916,3.0,0,1,170
R2167,Effort-framed,"How likely are you to use the council's new online services, even if setup takes a few minutes?",55+,Man,-0.601,1.0,0,1,177
R2168,Neutral,How likely are you to use the council's new online services?,35-54,Woman,0.54,5.0,0,1,148
R2169,Benefit-framed,"How likely are you to use the council's new online services, which can save residents time?",55+,Man,-1.218,3.0,0,1,117
R2170,Benefit-framed,"How likely are you to use the council's new online services, which can save residents time?",35-54,Man,-0.176,,1,1,179
R2171,Neutral,How likely are you to use the council's new online services?,35-54,Man,-1.595,2.0,0,1,201
R2172,Benefit-framed,"How likely are you to use the council's new online services, which can save residents time?",18-34,Woman,1.365,4.0,0,1,166
R2173,Effort-framed,"How likely are you to use the council's new online services, even if setup takes a few minutes?",18-34,Man,-0.292,2.0,0,1,341
R2174,Benefit-framed,"How likely are you to use the council's new online services, which can save residents time?",18-34,Man,-0.337,5.0,0,1,75
R2175,Neutral,How likely are you to use the council's new online services?,35-54,Man,1.142,3.0,0,1,255
R2176,Neutral,How likely are you to use the council's new online services?,35-54,Man,0.981,4.0,0,1,134
R2177,Effort-framed,"How likely are you to use the council's new online services, even if setup takes a few minutes?",35-54,Woman,0.316,3.0,0,1,127
R2178,Effort-framed,"How likely are you to use the council's new online services, even if setup takes a few minutes?",18-34,Woman,-0.927,1.0,0,1,242
R2179,Benefit-framed,"How likely are you to use the council's new online services, which can save residents time?",35-54,Man,-0.357,4.0,0,1,199
R2180,Benefit-framed,"How likely are you to use the council's new online services, which can save residents time?",55+,Woman,0.913,4.0,0,1,191
R2181,Neutral,How likely are you to use the council's new online services?,55+,Man,-0.276,1.0,0,1,213
R2182,Benefit-framed,"How likely are you to use the council's new online services, which can save residents time?",18-34,Man,-0.384,2.0,0,1,285
R2183,Benefit-framed,"How likely are you to use the council's new online services, which can save residents time?",35-54,Woman,0.315,4.0,0,1,193
R2184,Benefit-framed,"How likely are you to use the council's new online services, which can save residents time?",18-34,Woman,-1.102,4.0,0,1,139
R2185,Benefit-framed,"How likely are you to use the council's new online services, which can save residents time?",35-54,Man,-1.346,,1,1,114
R2186,Effort-framed,"How likely are you to use the council's new online services, even if setup takes a few minutes?",55+,Man,-0.082,1.0,0,1,176
R2187,Benefit-framed,"How likely are you to use the council's new online services, which can save residents time?",35-54,Man,0.595,4.0,0,0,158
R2188,Neutral,How likely are you to use the council's new online services?,35-54,Man,-0.434,4.0,0,1,139
R2189,Effort-framed,"How likely are you to use the council's new online services, even if setup takes a few minutes?",18-34,Woman,0.425,,1,0,221
R2190,Benefit-framed,"How likely are you to use the council's new online services, which can save residents time?",35-54,Woman,-0.662,3.0,0,1,234
R2191,Neutral,How likely are you to use the council's new online services?,35-54,Woman,-0.11,4.0,0,1,202
R2192,Effort-framed,"How likely are you to use the council's new online services, even if setup takes a few minutes?",55+,Man,0.195,5.0,0,1,213
R2193,Effort-framed,"How likely are you to use the council's new online services, even if setup takes a few minutes?",18-34,Woman,1.342,3.0,0,1,338
R2194,Benefit-framed,"How likely are you to use the council's new online services, which can save residents time?",35-54,Woman,0.022,4.0,0,1,178
R2195,Effort-framed,"How likely are you to use the council's new online services, even if setup takes a few minutes?",35-54,Man,-0.738,,1,1,230
R2196,Effort-framed,"How likely are you to use the council's new online services, even if setup takes a few minutes?",35-54,Woman,-0.217,4.0,0,1,253
R2197,Neutral,How likely are you to use the council's new online services?,18-34,Man,0.948,4.0,0,1,274
R2198,Neutral,How likely are you to use the council's new online services?,35-54,Woman,0.025,1.0,0,1,259
R2199,Neutral,How likely are you to use the council's new online services?,18-34,Woman,-1.459,2.0,0,0,168
R2200,Neutral,How likely are you to use the council's new online services?,55+,Man,-0.035,,1,1,199
R2201,Effort-framed,"How likely are you to use the council's new online services, even if setup takes a few minutes?",55+,Man,-0.662,3.0,0,1,231
R2202,Neutral,How likely are you to use the council's new online services?,55+,Woman,-1.125,2.0,0,1,215
R2203,Effort-framed,"How likely are you to use the council's new online services, even if setup takes a few minutes?",55+,Woman,1.761,3.0,0,1,132
R2204,Neutral,How likely are you to use the council's new online services?,18-34,Man,-1.208,3.0,0,1,202
R2205,Effort-framed,"How likely are you to use the council's new online services, even if setup takes a few minutes?",55+,Man,-2.5,,1,1,147
R2206,Benefit-framed,"How likely are you to use the council's new online services, which can save residents time?",55+,Man,-0.573,3.0,0,1,204
R2207,Effort-framed,"How likely are you to use the council's new online services, even if setup takes a few minutes?",35-54,Man,-1.341,1.0,0,1,196
R2208,Neutral,How likely are you to use the council's new online services?,55+,Woman,-0.149,2.0,0,1,151
R2209,Effort-framed,"How likely are you to use the council's new online services, even if setup takes a few minutes?",35-54,Woman,-0.013,1.0,0,1,271
R2210,Effort-framed,"How likely are you to use the council's new online services, even if setup takes a few minutes?",35-54,Man,0.998,4.0,0,1,334
R2211,Effort-framed,"How likely are you to use the council's new online services, even if setup takes a few minutes?",18-34,Man,-1.16,,1,1,242
R2212,Benefit-framed,"How likely are you to use the council's new online services, which can save residents time?",18-34,Man,-1.231,2.0,0,1,287
R2213,Neutral,How likely are you to use the council's new online services?,18-34,Woman,2.5,4.0,0,1,183
R2214,Effort-framed,"How likely are you to use the council's new online services, even if setup takes a few minutes?",18-34,Man,0.383,3.0,0,1,300
R2215,Effort-framed,"How likely are you to use the council's new online services, even if setup takes a few minutes?",35-54,Woman,1.011,3.0,0,1,178
R2216,Neutral,How likely are you to use the council's new online services?,55+,Man,1.537,3.0,0,1,182
R2217,Benefit-framed,"How likely are you to use the council's new online services, which can save residents time?",55+,Woman,-0.198,,1,1,245
R2218,Benefit-framed,"How likely are you to use the council's new online services, which can save residents time?",55+,Man,-1.321,2.0,0,1,139
R2219,Benefit-framed,"How likely are you to use the council's new online services, which can save residents time?",55+,Man,0.502,3.0,0,1,293
R2220,Effort-framed,"How likely are you to use the council's new online services, even if setup takes a few minutes?",18-34,Man,-0.437,2.0,0,1,205
R2221,Neutral,How likely are you to use the council's new online services?,18-34,Woman,0.886,3.0,0,1,156
R2222,Benefit-framed,"How likely are you to use the council's new online services, which can save residents time?",18-34,Woman,0.499,5.0,0,1,188
R2223,Benefit-framed,"How likely are you to use the council's new online services, which can save residents time?",35-54,Man,-0.24,2.0,0,1,246
R2224,Effort-framed,"How likely are you to use the council's new online services, even if setup takes a few minutes?",55+,Man,-0.696,3.0,0,1,144
R2225,Benefit-framed,"How likely are you to use the council's new online services, which can save residents time?",35-54,Man,0.717,5.0,0,1,175
R2226,Effort-framed,"How likely are you to use the council's new online services, even if setup takes a few minutes?",35-54,Man,-1.12,1.0,0,1,126
R2227,Effort-framed,"How likely are you to use the council's new online services, even if setup takes a few minutes?",18-34,Woman,1.589,3.0,0,1,224
R2228,Neutral,How likely are you to use the council's new online services?,55+,Woman,0.084,3.0,0,1,525
R2229,Neutral,How likely are you to use the council's new online services?,55+,Woman,0.587,2.0,0,1,283
R2230,Effort-framed,"How likely are you to use the council's new online services, even if setup takes a few minutes?",55+,Man,0.157,3.0,0,1,206
R2231,Neutral,How likely are you to use the council's new online services?,35-54,Man,-0.773,2.0,0,1,272
R2232,Neutral,How likely are you to use the council's new online services?,35-54,Woman,1.062,3.0,0,1,223
R2233,Benefit-framed,"How likely are you to use the council's new online services, which can save residents time?",55+,Man,-1.56,5.0,0,1,192
R2234,Effort-framed,"How likely are you to use the council's new online services, even if setup takes a few minutes?",35-54,Woman,0.407,4.0,0,1,318
R2235,Neutral,How likely are you to use the council's new online services?,18-34,Non-binary / self-describe,0.796,3.0,0,1,201
R2236,Effort-framed,"How likely are you to use the council's new online services, even if setup takes a few minutes?",55+,Man,0.896,2.0,0,1,209
R2237,Benefit-framed,"How likely are you to use the council's new online services, which can save residents time?",18-34,Man,1.172,5.0,0,1,246
R2238,Benefit-framed,"How likely are you to use the council's new online services, which can save residents time?",55+,Woman,-0.592,3.0,0,1,176
R2239,Neutral,How likely are you to use the council's new online services?,18-34,Woman,-1.871,2.0,0,1,132
R2240,Effort-framed,"How likely are you to use the council's new online services, even if setup takes a few minutes?",35-54,Man,1.84,4.0,0,1,197
R2241,Benefit-framed,"How likely are you to use the council's new online services, which can save residents time?",55+,Man,-1.66,3.0,0,1,156
R2242,Effort-framed,"How likely are you to use the council's new online services, even if setup takes a few minutes?",18-34,Man,1.556,3.0,0,1,204
R2243,Benefit-framed,"How likely are you to use the council's new online services, which can save residents time?",55+,Man,0.29,4.0,0,1,230
R2244,Effort-framed,"How likely are you to use the council's new online services, even if setup takes a few minutes?",18-34,Woman,1.85,2.0,0,0,335
R2245,Effort-framed,"How likely are you to use the council's new online services, even if setup takes a few minutes?",35-54,Woman,-1.119,4.0,0,1,230
R2246,Effort-framed,"How likely are you to use the council's new online services, even if setup takes a few minutes?",35-54,Man,0.659,4.0,0,1,226
R2247,Benefit-framed,"How likely are you to use the council's new online services, which can save residents time?",18-34,Man,2.458,4.0,0,1,138
R2248,Neutral,How likely are you to use the council's new online services?,18-34,Woman,1.927,4.0,0,1,227
R2249,Benefit-framed,"How likely are you to use the council's new online services, which can save residents time?",18-34,Woman,0.694,4.0,0,1,252
R2250,Neutral,How likely are you to use the council's new online services?,55+,Man,1.033,3.0,0,1,256
R2251,Benefit-framed,"How likely are you to use the council's new online services, which can save residents time?",35-54,Man,-1.157,4.0,0,1,214
R2252,Benefit-framed,"How likely are you to use the council's new online services, which can save residents time?",55+,Woman,-0.345,3.0,0,1,134
R2253,Effort-framed,"How likely are you to use the council's new online services, even if setup takes a few minutes?",55+,Man,-1.299,3.0,0,1,254
R2254,Effort-framed,"How likely are you to use the council's new online services, even if setup takes a few minutes?",55+,Man,-1.334,1.0,0,1,368
R2255,Benefit-framed,"How likely are you to use the council's new online services, which can save residents time?",35-54,Woman,0.977,4.0,0,1,118
R2256,Benefit-framed,"How likely are you to use the council's new online services, which can save residents time?",18-34,Woman,-0.012,3.0,0,1,200
R2257,Effort-framed,"How likely are you to use the council's new online services, even if setup takes a few minutes?",55+,Woman,0.225,2.0,0,1,287
R2258,Effort-framed,"How likely are you to use the council's new online services, even if setup takes a few minutes?",55+,Woman,-0.637,,1,1,207
R2259,Effort-framed,"How likely are you to use the council's new online services, even if setup takes a few minutes?",35-54,Woman,-0.731,2.0,0,1,328
R2260,Benefit-framed,"How likely are you to use the council's new online services, which can save residents time?",18-34,Woman,-0.732,3.0,0,1,190
R2261,Benefit-framed,"How likely are you to use the council's new online services, which can save residents time?",55+,Woman,-0.392,4.0,0,1,176
R2262,Neutral,How likely are you to use the council's new online services?,55+,Man,-0.223,2.0,0,1,147
R2263,Effort-framed,"How likely are you to use the council's new online services, even if setup takes a few minutes?",55+,Man,-2.061,1.0,0,1,253
R2264,Neutral,How likely are you to use the council's new online services?,55+,Woman,-0.723,3.0,0,1,205
R2265,Benefit-framed,"How likely are you to use the council's new online services, which can save residents time?",35-54,Man,-1.242,2.0,0,1,138
R2266,Benefit-framed,"How likely are you to use the council's new online services, which can save residents time?",18-34,Man,0.082,4.0,0,1,177
R2267,Neutral,How likely are you to use the council's new online services?,18-34,Man,-0.074,4.0,0,1,275
R2268,Effort-framed,"How likely are you to use the council's new online services, even if setup takes a few minutes?",18-34,Man,-1.763,4.0,0,0,339
R2269,Benefit-framed,"How likely are you to use the council's new online services, which can save residents time?",55+,Woman,0.091,2.0,0,1,212
R2270,Benefit-framed,"How likely are you to use the council's new online services, which can save residents time?",55+,Woman,-0.711,4.0,0,0,408
R2271,Benefit-framed,"How likely are you to use the council's new online services, which can save residents time?",35-54,Woman,-1.014,1.0,0,1,205
R2272,Benefit-framed,"How likely are you to use the council's new online services, which can save residents time?",18-34,Woman,-0.225,4.0,0,1,252
R2273,Benefit-framed,"How likely are you to use the council's new online services, which can save residents time?",18-34,Man,0.449,4.0,0,1,220
R2274,Benefit-framed,"How likely are you to use the council's new online services, which can save residents time?",35-54,Woman,1.785,2.0,0,1,148
R2275,Benefit-framed,"How likely are you to use the council's new online services, which can save residents time?",55+,Woman,1.276,5.0,0,1,200
R2276,Benefit-framed,"How likely are you to use the council's new online services, which can save residents time?",55+,Woman,0.267,4.0,0,1,372
R2277,Benefit-framed,"How likely are you to use the council's new online services, which can save residents time?",18-34,Woman,0.367,3.0,0,1,210
R2278,Neutral,How likely are you to use the council's new online services?,55+,Woman,-0.784,1.0,0,1,108
R2279,Benefit-framed,"How likely are you to use the council's new online services, which can save residents time?",35-54,Woman,0.052,3.0,0,1,155
R2280,Effort-framed,"How likely are you to use the council's new online services, even if setup takes a few minutes?",18-34,Man,1.49,3.0,0,1,196
R2281,Effort-framed,"How likely are you to use the council's new online services, even if setup takes a few minutes?",55+,Woman,0.883,2.0,0,1,197
R2282,Neutral,How likely are you to use the council's new online services?,18-34,Man,0.879,4.0,0,1,259
R2283,Benefit-framed,"How likely are you to use the council's new online services, which can save residents time?",18-34,Man,0.042,2.0,0,1,165
R2284,Effort-framed,"How likely are you to use the council's new online services, even if setup takes a few minutes?",18-34,Man,-0.992,4.0,0,1,276
R2285,Effort-framed,"How likely are you to use the council's new online services, even if setup takes a few minutes?",55+,Woman,-0.198,3.0,0,1,120
R2286,Benefit-framed,"How likely are you to use the council's new online services, which can save residents time?",55+,Woman,0.877,3.0,0,1,208
R2287,Neutral,How likely are you to use the council's new online services?,55+,Man,0.484,3.0,0,1,134
R2288,Benefit-framed,"How likely are you to use the council's new online services, which can save residents time?",35-54,Woman,-0.127,4.0,0,1,242
R2289,Benefit-framed,"How likely are you to use the council's new online services, which can save residents time?",18-34,Woman,1.252,4.0,0,1,146
R2290,Effort-framed,"How likely are you to use the council's new online services, even if setup takes a few minutes?",18-34,Man,0.38,4.0,0,1,254
R2291,Benefit-framed,"How likely are you to use the council's new online services, which can save residents time?",35-54,Man,-0.149,3.0,0,1,205
R2292,Benefit-framed,"How likely are you to use the council's new online services, which can save residents time?",18-34,Woman,-1.233,4.0,0,1,171
R2293,Effort-framed,"How likely are you to use the council's new online services, even if setup takes a few minutes?",55+,Woman,0.83,4.0,0,1,254
R2294,Neutral,How likely are you to use the council's new online services?,18-34,Woman,2.02,5.0,0,1,166
R2295,Neutral,How likely are you to use the council's new online services?,18-34,Man,1.262,4.0,0,1,170
R2296,Neutral,How likely are you to use the council's new online services?,55+,Man,-0.382,4.0,0,1,291
R2297,Effort-framed,"How likely are you to use the council's new online services, even if setup takes a few minutes?",35-54,Man,-0.376,,1,1,182
R2298,Benefit-framed,"How likely are you to use the council's new online services, which can save residents time?",35-54,Man,-0.153,3.0,0,1,193
R2299,Benefit-framed,"How likely are you to use the council's new online services, which can save residents time?",35-54,Man,-0.145,3.0,0,1,256
R2300,Benefit-framed,"How likely are you to use the council's new online services, which can save residents time?",55+,Woman,-1.811,,1,1,232
R2301,Benefit-framed,"How likely are you to use the council's new online services, which can save residents time?",18-34,Woman,-1.148,3.0,0,1,176
R2302,Neutral,How likely are you to use the council's new online services?,35-54,Woman,2.012,5.0,0,1,235
R2303,Neutral,How likely are you to use the council's new online services?,35-54,Woman,1.033,2.0,0,1,306
R2304,Benefit-framed,"How likely are you to use the council's new online services, which can save residents time?",35-54,Woman,0.484,3.0,0,1,452
R2305,Neutral,How likely are you to use the council's new online services?,18-34,Man,0.303,3.0,0,1,168
R2306,Effort-framed,"How likely are you to use the council's new online services, even if setup takes a few minutes?",35-54,Woman,2.077,3.0,0,1,351
R2307,Benefit-framed,"How likely are you to use the council's new online services, which can save residents time?",55+,Man,-0.895,4.0,0,1,307
R2308,Effort-framed,"How likely are you to use the council's new online services, even if setup takes a few minutes?",55+,Woman,-2.093,5.0,0,1,430
R2309,Effort-framed,"How likely are you to use the council's new online services, even if setup takes a few minutes?",35-54,Woman,0.432,2.0,0,1,227
R2310,Neutral,How likely are you to use the council's new online services?,18-34,Woman,-0.414,2.0,0,1,230
R2311,Benefit-framed,"How likely are you to use the council's new online services, which can save residents time?",35-54,Woman,-0.993,1.0,0,1,221
R2312,Neutral,How likely are you to use the council's new online services?,55+,Woman,-0.487,4.0,0,1,172
R2313,Neutral,How likely are you to use the council's new online services?,55+,Woman,-1.993,2.0,0,1,229
R2314,Neutral,How likely are you to use the council's new online services?,35-54,Man,0.038,2.0,0,1,168
R2315,Benefit-framed,"How likely are you to use the council's new online services, which can save residents time?",35-54,Woman,-1.617,3.0,0,1,210
R2316,Effort-framed,"How likely are you to use the council's new online services, even if setup takes a few minutes?",35-54,Man,0.531,2.0,0,1,247
R2317,Neutral,How likely are you to use the council's new online services?,35-54,Man,1.031,5.0,0,1,161
R2318,Benefit-framed,"How likely are you to use the council's new online services, which can save residents time?",55+,Woman,-0.279,3.0,0,1,150
R2319,Neutral,How likely are you to use the council's new online services?,35-54,Man,0.143,2.0,0,1,154
R2320,Benefit-framed,"How likely are you to use the council's new online services, which can save residents time?",55+,Woman,-0.294,3.0,0,1,365
R2321,Neutral,How likely are you to use the council's new online services?,35-54,Woman,0.021,3.0,0,1,166
R2322,Benefit-framed,"How likely are you to use the council's new online services, which can save residents time?",55+,Man,-1.371,4.0,0,1,119
R2323,Effort-framed,"How likely are you to use the council's new online services, even if setup takes a few minutes?",35-54,Woman,-1.61,2.0,0,1,168
R2324,Benefit-framed,"How likely are you to use the council's new online services, which can save residents time?",55+,Woman,0.01,3.0,0,1,204
R2325,Effort-framed,"How likely are you to use the council's new online services, even if setup takes a few minutes?",18-34,Woman,-0.227,3.0,0,1,408
R2326,Benefit-framed,"How likely are you to use the council's new online services, which can save residents time?",18-34,Woman,1.909,5.0,0,1,271
R2327,Effort-framed,"How likely are you to use the council's new online services, even if setup takes a few minutes?",18-34,Woman,0.079,2.0,0,1,303
R2328,Neutral,How likely are you to use the council's new online services?,35-54,Man,0.152,2.0,0,1,198
R2329,Neutral,How likely are you to use the council's new online services?,18-34,Woman,-1.093,2.0,0,1,201
R2330,Benefit-framed,"How likely are you to use the council's new online services, which can save residents time?",35-54,Man,0.38,5.0,0,1,230
R2331,Neutral,How likely are you to use the council's new online services?,18-34,Woman,-1.702,3.0,0,1,299
R2332,Benefit-framed,"How likely are you to use the council's new online services, which can save residents time?",55+,Woman,0.699,3.0,0,1,148
R2333,Benefit-framed,"How likely are you to use the council's new online services, which can save residents time?",35-54,Woman,0.398,3.0,0,1,241
R2334,Benefit-framed,"How likely are you to use the council's new online services, which can save residents time?",18-34,Woman,2.025,5.0,0,1,309
R2335,Neutral,How likely are you to use the council's new online services?,55+,Woman,-0.275,5.0,0,1,252
R2336,Benefit-framed,"How likely are you to use the council's new online services, which can save residents time?",18-34,Woman,-0.244,4.0,0,1,263
R2337,Neutral,How likely are you to use the council's new online services?,55+,Woman,0.36,4.0,0,1,145
R2338,Benefit-framed,"How likely are you to use the council's new online services, which can save residents time?",55+,Man,-0.296,3.0,0,1,246
R2339,Neutral,How likely are you to use the council's new online services?,55+,Woman,0.244,1.0,0,1,224
R2340,Benefit-framed,"How likely are you to use the council's new online services, which can save residents time?",18-34,Man,1.67,4.0,0,1,103
R2341,Neutral,How likely are you to use the council's new online services?,55+,Woman,0.395,3.0,0,1,173
R2342,Effort-framed,"How likely are you to use the council's new online services, even if setup takes a few minutes?",18-34,Woman,-1.361,2.0,0,1,245
R2343,Neutral,How likely are you to use the council's new online services?,55+,Man,-2.5,3.0,0,1,266
R2344,Neutral,How likely are you to use the council's new online services?,55+,Man,-0.376,3.0,0,1,133
R2345,Neutral,How likely are you to use the council's new online services?,18-34,Man,1.878,4.0,0,1,236
R2346,Benefit-framed,"How likely are you to use the council's new online services, which can save residents time?",55+,Man,0.47,4.0,0,1,243
R2347,Effort-framed,"How likely are you to use the council's new online services, even if setup takes a few minutes?",35-54,Man,-0.181,3.0,0,1,369
R2348,Neutral,How likely are you to use the council's new online services?,35-54,Woman,-0.771,4.0,0,1,303
R2349,Benefit-framed,"How likely are you to use the council's new online services, which can save residents time?",35-54,Man,-0.38,4.0,0,1,368
R2350,Benefit-framed,"How likely are you to use the council's new online services, which can save residents time?",55+,Woman,-0.759,4.0,0,1,192
R2351,Benefit-framed,"How likely are you to use the council's new online services, which can save residents time?",35-54,Woman,0.033,4.0,0,1,276
R2352,Neutral,How likely are you to use the council's new online services?,18-34,Man,-0.281,3.0,0,1,251
R2353,Benefit-framed,"How likely are you to use the council's new online services, which can save residents time?",55+,Woman,-0.935,2.0,0,1,147
R2354,Effort-framed,"How likely are you to use the council's new online services, even if setup takes a few minutes?",55+,Man,-0.751,3.0,0,1,222
R2355,Neutral,How likely are you to use the council's new online services?,55+,Woman,-0.577,2.0,0,1,223
R2356,Effort-framed,"How likely are you to use the council's new online services, even if setup takes a few minutes?",55+,Woman,-0.109,2.0,0,1,136
R2357,Effort-framed,"How likely are you to use the council's new online services, even if setup takes a few minutes?",55+,Man,-1.842,3.0,0,1,148
R2358,Effort-framed,"How likely are you to use the council's new online services, even if setup takes a few minutes?",18-34,Man,-0.192,3.0,0,1,362
R2359,Neutral,How likely are you to use the council's new online services?,35-54,Woman,0.61,2.0,0,1,112
R2360,Effort-framed,"How likely are you to use the council's new online services, even if setup takes a few minutes?",35-54,Man,1.37,4.0,0,1,283
R2361,Effort-framed,"How likely are you to use the council's new online services, even if setup takes a few minutes?",35-54,Woman,0.19,2.0,0,1,151
R2362,Neutral,How likely are you to use the council's new online services?,18-34,Woman,0.171,1.0,0,1,134
R2363,Benefit-framed,"How likely are you to use the council's new online services, which can save residents time?",35-54,Man,-2.5,2.0,0,1,240
R2364,Benefit-framed,"How likely are you to use the council's new online services, which can save residents time?",18-34,Woman,0.647,4.0,0,1,224
R2365,Effort-framed,"How likely are you to use the council's new online services, even if setup takes a few minutes?",35-54,Man,-0.257,4.0,0,1,194
R2366,Effort-framed,"How likely are you to use the council's new online services, even if setup takes a few minutes?",35-54,Man,0.241,2.0,0,1,251
R2367,Benefit-framed,"How likely are you to use the council's new online services, which can save residents time?",35-54,Man,1.822,5.0,0,1,284
R2368,Benefit-framed,"How likely are you to use the council's new online services, which can save residents time?",18-34,Woman,1.701,4.0,0,1,124
R2369,Neutral,How likely are you to use the council's new online services?,18-34,Woman,0.797,1.0,0,1,101
R2370,Benefit-framed,"How likely are you to use the council's new online services, which can save residents time?",18-34,Woman,-1.088,5.0,0,1,137
R2371,Effort-framed,"How likely are you to use the council's new online services, even if setup takes a few minutes?",55+,Woman,-2.5,3.0,0,1,149
R2372,Effort-framed,"How likely are you to use the council's new online services, even if setup takes a few minutes?",18-34,Man,-0.092,4.0,0,1,202
R2373,Benefit-framed,"How likely are you to use the council's new online services, which can save residents time?",18-34,Woman,-0.941,3.0,0,0,204
R2374,Benefit-framed,"How likely are you to use the council's new online services, which can save residents time?",35-54,Woman,-1.555,2.0,0,1,198
R2375,Effort-framed,"How likely are you to use the council's new online services, even if setup takes a few minutes?",35-54,Man,1.111,2.0,0,1,114
R2376,Neutral,How likely are you to use the council's new online services?,18-34,Woman,-0.28,3.0,0,1,324
R2377,Benefit-framed,"How likely are you to use the council's new online services, which can save residents time?",35-54,Man,-0.142,3.0,0,1,182
R2378,Effort-framed,"How likely are you to use the council's new online services, even if setup takes a few minutes?",18-34,Woman,-0.092,2.0,0,1,421
R2379,Neutral,How likely are you to use the council's new online services?,55+,Woman,-0.833,2.0,0,1,135
R2380,Effort-framed,"How likely are you to use the council's new online services, even if setup takes a few minutes?",18-34,Man,0.081,4.0,0,1,258
R2381,Effort-framed,"How likely are you to use the council's new online services, even if setup takes a few minutes?",55+,Woman,0.471,3.0,0,1,199
R2382,Neutral,How likely are you to use the council's new online services?,35-54,Woman,1.785,5.0,0,1,268
R2383,Neutral,How likely are you to use the council's new online services?,55+,Woman,-0.617,4.0,0,1,167
R2384,Neutral,How likely are you to use the council's new online services?,18-34,Woman,0.656,4.0,0,1,250
R2385,Neutral,How likely are you to use the council's new online services?,55+,Man,0.189,2.0,0,1,167
R2386,Benefit-framed,"How likely are you to use the council's new online services, which can save residents time?",18-34,Man,-1.336,2.0,0,1,461
R2387,Effort-framed,"How likely are you to use the council's new online services, even if setup takes a few minutes?",35-54,Woman,-0.363,3.0,0,1,292
R2388,Neutral,How likely are you to use the council's new online services?,35-54,Woman,-0.816,2.0,0,1,271
R2389,Neutral,How likely are you to use the council's new online services?,35-54,Woman,-1.336,3.0,0,1,179
R2390,Benefit-framed,"How likely are you to use the council's new online services, which can save residents time?",35-54,Man,1.4,5.0,0,1,323
R2391,Benefit-framed,"How likely are you to use the council's new online services, which can save residents time?",55+,Woman,-0.568,3.0,0,1,414
R2392,Effort-framed,"How likely are you to use the council's new online services, even if setup takes a few minutes?",35-54,Woman,0.573,3.0,0,0,226
R2393,Benefit-framed,"How likely are you to use the council's new online services, which can save residents time?",35-54,Man,0.78,3.0,0,1,238
R2394,Neutral,How likely are you to use the council's new online services?,55+,Woman,-0.94,2.0,0,1,306
R2395,Effort-framed,"How likely are you to use the council's new online services, even if setup takes a few minutes?",18-34,Woman,0.247,,1,1,141
R2396,Effort-framed,"How likely are you to use the council's new online services, even if setup takes a few minutes?",55+,Man,0.547,3.0,0,1,242
R2397,Effort-framed,"How likely are you to use the council's new online services, even if setup takes a few minutes?",55+,Man,-0.221,3.0,0,1,208
R2398,Effort-framed,"How likely are you to use the council's new online services, even if setup takes a few minutes?",55+,Woman,-1.193,2.0,0,1,291
R2399,Benefit-framed,"How likely are you to use the council's new online services, which can save residents time?",18-34,Woman,-0.021,3.0,0,1,159
R2400,Neutral,How likely are you to use the council's new online services?,35-54,Man,1.478,3.0,0,1,139
